FECHA;GROUPAMA ENTREPRISES R;DEU FLOATING RATE NOTES-TFC;PICTET USD SHORT MID TERM;FON/03/CH;ROBECO GLO CR SHT MAT-IH EUR;/03/ch Green Transition Bond;Robeco Climate Bond;JUPITER DYNAMIC BOND;/03/CH INTL-FAMILY BUSINESS;AMU CPR BANCA /03/CH IMP-REUR;Harrris Associates Global Equity;POLEN FOCUS US GROWTH-EUR IN;ROBECO BP US PREMIUM EQ/F;ELEVA EUROPEAN SELECTION;ROBECO SUS EUR STARS EQ-FEUR;ABERDEEN ASIA PAC EQUITY;GQG PARTNERS EM MKT EQ-I EUR;/03/CH NEXT G/01/RATION;NEUBERGER BERMAN UNCORRELATED STRATEGIES;DNCA INVEST ALPHA BONDS
10/03/2024;515,220;103,970;134,300;9,820;100,490;8,620;83,840;12,670;12,520;121,390;145,580;18,140;404,320;209,240;211,970;13,390;16,390;13;9;123
03/03/2024;515,100;103,960;134,030;9,830;100,520;8,610;83,940;12,660;12,550;121,620;144,500;18,130;401,780;210,450;212,940;13,280;16,510;13;9;123
25/02/2024;514,720;103,850;135,230;9,780;100,140;8,500;83,260;12,480;12,620;120,420;145,370;18,420;403,440;208,050;209,950;13,020;16,590;13;9;123
18/02/2024;514,310;103,750;135,130;9,770;99,980;8,460;83,110;12,390;12,660;119,220;145,770;18,300;403,230;207,030;210,310;13,170;16,530;13;9;123
11/02/2024;513,930;103,640;135,720;9,760;99,810;8,480;82,950;12,390;12,590;118,450;144,960;18,020;400,870;205,270;206,930;13,110;16,420;13;9;123
04/02/2024;513,540;103,530;135,780;9,770;99,920;8,480;83,260;12,460;12,550;117,360;142,120;18,290;397,160;202,170;204,450;12,930;16,340;13;9;123
28/01/2024;513,150;103,440;135,740;9,800;100,140;8,590;83,990;12,640;12,500;116,510;142,060;18,050;394,740;198,800;204,730;12,740;15,850;12;9;122
21/01/2024;512,700;103,330;134,930;9,800;100,060;8,490;83,810;12,420;12,490;114,920;142,480;17,820;390,940;198,500;205,600;12,720;15,480;12;9;122
14/01/2024;512,360;103,210;134,510;9,770;99,800;8,470;83,630;12,390;12,090;113,330;138,100;17,470;386,210;193,340;199,960;12,460;15,120;12;9;122
07/01/2024;511,940;103,100;133,930;9,800;100,190;8,530;84,650;12,500;12,230;113,130;138,880;17,250;381,730;194,690;201,040;12,640;15,160;12;9;122
31/12/2023;511,490;102,880;132,530;9,790;100,170;8,510;85,100;12,520;12,170;111,930;141,150;16,580;379,160;197,490;202,260;13,000;14,980;12;9;122
24/12/2023;510,900;102,880;132,530;9,820;100,170;8,640;85,100;12,560;12,290;113,520;141,150;16,990;379,160;197,490;202,260;13,150;14,720;12;9;122
17/12/2023;510,540;102,800;132,740;9,820;100,020;8,610;85,100;12,520;12,250;112,630;140,390;17,010;378,400;197,390;201,820;12,730;14,590;12;9;122
10/12/2023;510,320;102,680;133,590;9,790;99,750;8,570;84,760;12,400;12,160;112,410;141,110;16,810;376,990;196,920;200,860;12,860;14,720;12;9;121
03/12/2023;509,880;102,560;134,730;9,730;98,850;8,420;83,010;12,080;12,120;111,270;138,570;16,560;371,570;194,240;199,860;12,530;14,510;11;9;121
26/11/2023;509,470;102,460;134,060;9,710;98,870;8,300;82,790;11,890;11,970;110,320;136,450;16,550;369,180;191,760;197,210;12,690;14,000;11;9;121
19/11/2023;509,100;102,350;131,830;9,610;97,960;8,200;81,540;11,760;11,960;107,930;133,540;16,280;360,800;188,830;193,750;12,770;13,680;11;9;121
12/11/2023;508,690;102,260;132,380;9,620;97,840;8,180;81,580;11,780;11,920;107,230;134,090;16,020;358,850;187,020;190,540;12,720;13,730;11;10;121
05/11/2023;508,320;102,130;134,460;9,580;97,250;8,120;80,700;11,590;11,730;105,510;131,510;15,700;358,640;181,440;186,790;12,390;13,710;11;10;120
29/10/2023;507,920;102,050;134,030;9,600;97,440;8,070;80,850;11,550;11,780;105,020;133,200;15,480;356,060;180,450;185,850;12,400;13,510;11;10;121
22/10/2023;507,530;101,940;135,340;9,540;96,740;7,940;79,630;11,370;11,370;101,010;126,970;14,500;345,830;175,060;180,820;12,030;13,160;10;10;120
15/10/2023;507,150;101,880;134,920;9,510;96,380;7,880;79,050;11,320;11,520;102,340;129,880;15,010;358,490;176,970;181,580;12,100;13,310;10;10;119
08/10/2023;506,750;101,820;136,090;9,530;96,710;7,990;79,840;11,570;11,770;105,820;134,720;15,200;368,810;183,780;188,190;12,440;13,690;11;10;120
01/10/2023;506,350;101,730;135,350;9,510;96,410;7,940;79,210;11,470;11,790;105,080;135,090;15,350;365,260;181,760;187,730;12,320;13,400;11;10;119
24/09/2023;505,960;101,670;134,780;9,510;96,650;8,020;79,870;11,620;11,860;106,150;136,640;15,170;364,540;183,310;188,660;12,400;13,610;11;10;120
17/09/2023;505,570;101,560;133,810;9,510;96,870;8,110;80,340;11,710;12,000;106,890;137,580;15,230;364,060;184,460;190,240;12,520;13,550;11;10;120
10/09/2023;505,210;101,470;133,770;9,520;96,820;8,180;80,630;11,840;12,280;109,240;141,200;15,890;369,040;188,570;194,370;12,900;13,760;11;10;120
03/09/2023;504,790;101,370;133,190;9,530;96,830;8,170;80,810;11,820;12,230;108,210;139,060;16,240;366,370;185,700;191,770;12,820;13,540;11;10;120
27/08/2023;504,410;101,280;132,170;9,540;96,950;8,170;81,150;11,860;12,190;109,050;140,610;16,300;368,710;187,380;192,370;13,010;13,560;11;10;120
20/08/2023;504,070;101,180;132,190;9,530;96,590;8,170;80,800;11,740;12,190;107,350;137,760;15,750;362,850;184,780;189,750;12,740;13,310;11;10;120
13/08/2023;503,710;101,100;131,000;9,510;96,560;8,170;80,530;11,720;12,190;105,950;137,060;15,500;360,140;183,250;189,090;12,770;13,010;11;10;120
06/08/2023;503,330;101,030;129,840;9,510;96,730;8,250;81,040;11,830;12,190;107,610;140,210;15,920;363,930;186,770;192,260;13,320;13,060;11;10;120
30/07/2023;502,960;100,940;129,400;9,520;96,920;8,210;81,450;11,750;12,200;108,420;140,750;16,060;361,070;186,450;190,840;13,370;13,140;11;10;120
23/07/2023;502,610;100,870;128,980;9,510;96,790;8,280;81,700;11,850;12,540;111,190;142,840;16,420;364,240;191,410;196,230;13,700;13,470;12;10;120
16/07/2023;502,280;100,810;128,080;9,500;96,720;8,300;81,880;11,890;12,370;110,110;141,650;16,270;360,710;189,180;194,230;13,420;12,980;12;10;119
09/07/2023;501,900;100,710;126,640;9,480;96,640;8,270;81,750;11,900;12,350;108,850;140,260;16,270;349,710;188,620;193,160;13,730;12,830;12;10;119
02/07/2023;501,630;100,600;129,380;9,440;95,920;8,180;80,890;11,730;12,190;107,890;137,940;15,610;352,190;183,720;188,040;13,060;12,790;11;10;119
25/06/2023;501,290;100,510;129,960;9,460;96,160;8,270;81,680;11,850;12,360;110,030;140,170;15,820;356,980;190,120;194,810;13,290;12,970;11;10;119
18/06/2023;500,940;100,400;129,410;9,480;96,260;8,260;81,970;11,920;12,330;108,110;137,370;15,630;348,500;186,960;190,840;13,600;12,880;11;10;119
11/06/2023;500,620;100,330;129,850;9,460;96,280;8,240;81,830;11,950;12,570;111,940;141,440;15,840;352,890;191,220;195,320;13,990;13,060;12;10;119
04/06/2023;500,290;100,270;131,900;9,490;96,400;8,210;82,220;11,920;12,290;110,330;138,840;15,390;352,680;188,340;192,070;13,510;13,010;11;10;119
28/05/2023;499,990;100,160;132,410;9,500;96,520;8,260;82,530;11,950;12,300;110,730;137,790;15,510;349,900;189,200;193,130;13,420;12,760;11;10;119
21/05/2023;499,590;100,070;132,330;9,440;96,090;8,160;81,520;11,860;12,280;109,900;135,550;15,100;344,810;189,560;192,440;13,260;12,730;11;10;119
11/05/2023;498,980;99,860;130,860;9,520;97,090;8,300;83,750;11,990;12,190;106,920;133,290;14,560;338,250;188,700;193,590;13,300;12,230;11;10;118
04/05/2023;498,690;99,780;129,990;9,530;97,110;8,320;83,860;12,140;12,210;105,460;130,700;14,170;330,720;186,360;192,250;13,420;11,930;11;10;118
27/04/2023;498,370;99,680;129,170;9,460;96,560;8,260;82,910;12,100;12,290;105,570;133,210;14,470;337,390;187,290;193,140;13,410;11,960;11;10;118
20/04/2023;497,990;99,570;129,400;9,450;96,510;8,230;82,900;12,080;12,420;106,560;134,580;14,520;343,070;188,470;194,050;13,700;12,040;11;10;118
13/04/2023;497,720;99,470;128,790;9,470;96,630;8,270;83,410;12,170;12,350;106,420;133,690;14,690;342,310;187,250;191,790;13,890;12,070;11;10;118
06/04/2023;497,500;99,370;130,420;9,500;96,830;8,320;84,100;12,200;12,250;105,540;133,160;14,540;339,820;185,020;189,540;13,870;11,830;11;10;117
30/03/2023;497,230;99,240;129,870;9,450;96,040;8,200;83,170;12,030;12,130;105,120;133,220;14,330;337,150;184,020;187,700;13,860;11,790;11;10;117
23/03/2023;496,940;99,210;130,590;9,480;96,410;8,210;83,780;12,070;12,010;103,020;130,200;14,100;328,550;180,300;184,920;13,670;11,590;11;10;116
16/03/2023;496,690;99,180;133,100;9,460;95,700;8,180;83,240;12,080;11,980;104,550;130,200;14,010;340,120;178,170;183,720;13,150;11,720;11;10;116
09/03/2023;496,470;99,440;132,600;9,440;95,270;8,090;81,810;12,080;12,230;106,120;135,720;13,640;351,850;187,150;188,470;13,520;12,190;11;10;117
02/03/2023;496,220;99,350;131,980;9,430;95,120;8,070;81,430;11,990;12,310;106,670;137,130;13,760;363,370;186,780;188,440;13,710;12,010;11;10;117
23/02/2023;495,990;99,260;132,350;9,460;95,590;8,120;82,430;12,020;12,300;107,460;138,080;13,900;364,840;187,250;189,000;13,810;12,080;11;10;117
16/02/2023;495,740;99,200;131,430;9,470;95,790;8,210;82,740;12,170;12,320;108,250;140,550;14,410;367,730;188,780;188,810;14,280;12,180;11;10;117
09/02/2023;495,540;99,130;130,430;9,490;96,320;8,310;83,690;12,300;12,370;107,230;139,760;14,340;361,890;187,460;187,150;14,610;11,980;11;10;116
02/02/2023;495,350;98,990;128,820;9,510;96,940;8,370;85,050;12,300;12,410;107,210;140,940;15,060;360,370;185,740;186,130;14,790;11,920;11;10;116
26/01/2023;495,150;98,850;129,540;9,470;96,410;8,340;84,150;12,230;12,320;105,660;137,600;14,230;360,290;183,910;184,740;15,170;12,290;11;10;116
19/01/2023;494,950;98,720;130,340;9,480;96,470;8,380;84,630;12,270;12,110;104,140;133,620;13,470;350,480;180,640;184,720;14,580;12,180;11;10;115
12/01/2023;494,750;98,600;129,990;9,440;96,150;8,250;84,350;12,080;12,110;105,620;135,070;13,640;357,570;180,650;183,500;14,370;12,060;11;10;116
05/01/2023;494,570;98,470;132,930;9,410;95,240;8,170;83,160;11,840;11,920;103,530;129,970;12,770;355,360;176,330;180,170;13,970;11,940;11;10;115
29/12/2022;494,380;98,400;131,120;9,390;95,100;8,110;82,780;11,660;11,580;102,820;124,750;12,890;351,150;170,750;176,890;13,500;11,850;11;10;116
22/12/2022;494,190;98,330;132,020;9,400;95,330;8,180;83,350;11,800;11,520;103,000;123,940;12,750;350,040;169,700;176,110;13,560;11,910;11;10;115
15/12/2022;494,050;98,300;131,330;9,430;95,730;8,310;84,400;12,020;11,530;104,230;124,890;13,060;350,230;169,940;177,120;13,600;11,700;11;10;114
08/12/2022;493,910;98,250;132,440;9,460;95,630;8,320;84,590;12,040;11,640;106,180;127,760;13,270;359,430;171,560;178,470;13,570;12,050;11;10;114
01/12/2022;493,760;98,200;133,090;9,450;95,590;8,230;84,460;11,940;11,800;108,620;132,010;13,830;371,250;174,470;181,560;13,690;12,440;11;10;114
24/11/2022;493,620;98,180;133,670;9,420;95,040;8,190;83,900;11,890;11,660;108,420;130,890;13,510;370,900;173,100;180,170;13,180;12,270;11;10;114
17/11/2022;493,480;98,120;134,620;9,390;94,850;8,100;83,570;11,710;11,500;105,590;129,070;13,510;364,970;168,100;175,130;13,180;12,100;11;10;114
10/11/2022;493,380;98,030;136,620;9,370;94,500;7,880;83,300;11,440;11,530;107,770;127,670;13,550;373,100;169,380;177,800;12,090;12,090;11;11;114
03/11/2022;493,230;97,970;141,450;9,330;93,250;7,840;81,950;11,370;10,920;104,570;123,270;12,490;371,170;160,860;170,030;11,660;12,780;11;11;113
27/10/2022;493,140;97,930;138,720;9,360;93,720;7,810;82,820;11,350;10,950;104,050;122,930;13,560;365,670;160,970;169,530;11,700;12,430;11;11;113
20/10/2022;493,070;97,910;140,130;9,280;92,750;7,710;81,260;11,230;10,710;101,040;121,800;13,500;349,610;157,510;164,210;11,760;12,810;10;11;112
13/10/2022;493,000;97,920;142,240;9,300;92,860;7,760;81,390;11,270;10,670;101,400;120,900;13,310;354,830;153,700;161,500;11,740;12,570;10;11;112
06/10/2022;492,930;97,960;140,790;9,340;93,730;7,910;82,340;11,530;10,810;103,300;122,250;13,870;351,770;156,390;162,120;12,610;13,080;11;11;112
29/09/2022;492,850;98,050;141,900;9,320;93,650;7,840;82,360;11,430;10,400;101,470;116,750;13,340;340,150;150,410;157,770;12,040;12,320;10;11;111
22/09/2022;492,780;98,150;141,370;9,390;94,700;8,130;83,780;11,830;10,680;104,820;123,590;13,570;346,250;156,380;163,140;12,560;13,020;11;11;112
15/09/2022;492,730;98,130;139,250;9,450;95,490;8,200;84,830;11,930;10,980;107,580;128,750;14,410;355,390;161,490;169,130;13,070;12,970;11;11;112
08/09/2022;492,710;98,110;140,490;9,460;95,950;8,230;85,100;11,980;11,080;109,580;129,630;14,950;362,050;161,760;168,190;13,080;12,980;11;11;112
01/09/2022;492,720;98,080;140,710;9,480;95,930;8,260;85,420;11,980;11,020;108,200;128,130;14,770;357,700;159,400;166,120;13,360;13,150;11;11;112
25/08/2022;492,730;98,090;140,410;9,550;96,770;8,370;86,740;12,120;11,490;114,930;135,370;15,650;373,280;169,630;175,770;13,720;13,570;12;11;113
18/08/2022;492,720;98,090;138,520;9,600;97,370;8,530;87,880;12,340;11,710;115,350;136,530;16,260;373,140;171,910;179,620;13,900;13,550;12;11;112
11/08/2022;492,710;98,040;135,600;9,630;97,570;8,620;88,170;12,420;11,630;112,280;134,540;16,240;359,370;170,850;179,040;13,910;13,110;12;10;112
04/08/2022;492,710;97,970;137,620;9,640;97,830;8,600;89,120;12,430;11,580;111,240;134,730;16,140;354,100;170,820;179,490;13,680;12,950;12;10;111
28/07/2022;492,720;97,920;138,590;9,610;97,840;8,480;88,880;12,320;11,480;110,010;133,210;15,310;357,280;169,340;178,990;13,700;12,980;11;11;110
21/07/2022;492,780;97,900;137,570;9,520;96,880;8,320;87,810;12,100;11,320;106,830;130,880;15,400;350,960;165,760;177,230;13,510;12,620;11;11;109
14/07/2022;492,800;97,900;139,990;9,520;96,560;8,260;87,600;12,040;10,950;105,070;124,560;13,970;340,020;159,570;172,040;13,270;12,570;11;11;109
07/07/2022;492,840;97,950;137,730;9,510;96,780;8,300;87,290;11,950;11,100;105,650;128,560;14,800;344,050;162,070;173,720;13,560;12,950;11;11;109
30/06/2022;492,900;97,970;134,040;9,500;96,420;8,240;87,270;11,910;10,750;101,450;123,270;13,970;330,400;159,430;169,280;13,530;12,700;10;11;109
23/06/2022;492,930;98,150;132,650;9,510;96,460;8,350;87,270;12,030;10,930;100,720;125,770;14,350;324,390;161,610;166,880;13,660;12,470;10;11;110
16/06/2022;492,980;98,220;132,950;9,470;96,050;8,300;86,820;11,970;10,700;98,920;120,920;13,600;321,030;157,050;166,840;13,430;12,760;10;11;109
09/06/2022;493,020;98,470;131,910;9,590;97,520;8,600;88,080;12,370;11,430;107,190;131,910;15,400;345,540;168,620;176,600;14,290;13,500;11;11;112
02/06/2022;493,060;98,500;131,480;9,630;97,810;8,630;88,280;12,480;11,630;109,680;133,090;16,140;352,910;171,010;178,500;14,020;13,550;11;11;112
26/05/2022;493,090;98,510;131,820;9,660;98,320;8,720;89,700;12,550;11,490;109,480;132,900;15,130;348,580;171,710;178,300;13,730;13,370;11;10;112
19/05/2022;493,160;98,510;132,860;9,660;97,910;8,640;89,660;12,480;11,100;104,660;127,300;14,750;338,840;165,120;174,420;13,350;13,090;11;10;111
12/05/2022;493,200;98,560;135,260;9,690;98,050;8,710;89,970;12,520;11,090;104,040;127,130;14,610;343,260;164,990;175,310;12,980;13,060;11;11;111
05/05/2022;493,240;98,620;133,270;9,680;97,860;8,750;89,420;12,600;11,360;108,300;131,210;15,750;352,010;171,720;180,390;13,980;13,400;12;11;111
28/04/2022;493,300;98,670;133,560;9,720;98,200;8,840;90,290;12,790;11,580;110,860;133,170;16,750;356,680;174,010;183,810;13,740;13,480;12;10;112
21/04/2022;493,350;98,710;129,380;9,750;98,420;8,880;90,410;12,880;11,840;110,810;135,890;17,000;353,860;177,790;186,750;14,300;13,700;12;10;112
14/04/2022;493,360;98,720;130,700;9,780;98,910;8,980;90,800;12,930;11,810;111,040;136,280;17,590;353,100;177,740;185,770;14,740;13,910;12;10;112
07/04/2022;493,430;98,760;129,110;9,800;99,210;9,120;91,860;13,030;11,670;111,180;135,180;18,310;350,080;175,260;184,750;14,930;13,810;12;10;112
31/03/2022;493,480;98,740;126,900;9,820;99,620;9,180;93,060;13,110;11,740;111,040;136,400;18,600;346,580;176,210;182,860;15,280;13,630;13;10;111
24/03/2022;493,530;98,680;128,380;9,820;99,550;9,140;92,910;13,060;11,830;112,480;138,030;18,480;353,650;174,600;182,650;15,190;13,550;13;10;111
17/03/2022;493,570;98,630;127,490;9,830;99,820;9,190;93,430;13,090;11,730;109,410;135,160;18,330;348,090;173,440;181,750;15,120;13,320;12;10;111
10/03/2022;493,640;98,750;128,870;9,840;100,000;9,210;93,840;13,140;11,330;106,160;130,830;17,310;336,900;163,450;172,840;14,830;13,210;12;10;110
03/03/2022;493,690;98,930;128,890;9,910;100,900;9,340;95,020;13,320;11,500;108,520;133,360;17,920;343,010;167,360;176,140;15,520;13,370;12;10;109
24/02/2022;493,740;98,990;128,260;9,920;100,720;9,330;94,660;13,440;11,630;107,070;133,720;18,150;335,360;168,550;176,970;15,450;13,520;12;10;109
17/02/2022;493,800;99,080;125,480;9,950;101,210;9,450;94,720;13,500;12,070;109,550;139,790;18,390;337,290;178,360;186,050;16,420;14,420;12;10;109
10/02/2022;493,850;99,120;124,280;9,950;101,190;9,540;94,730;13,590;12,240;110,800;141,810;19,240;341,290;181,700;190,430;16,460;14,470;13;10;108
03/02/2022;493,930;99,160;125,460;10,000;102,070;9,720;95,970;13,740;12,200;109,820;140,470;18,990;337,970;179,970;189,690;16,480;14,200;12;10;109
27/01/2022;493,990;99,180;128,480;10,050;102,340;9,720;96,510;13,710;12,180;110,720;138,260;18,430;335,840;180,390;190,830;15,970;14,430;12;10;109
20/01/2022;494,040;99,200;126,400;10,060;102,610;9,730;96,620;13,750;12,540;113,940;142,790;19,550;337,990;186,100;195,330;16,830;14,560;13;10;109
13/01/2022;494,090;99,220;125,530;10,070;102,940;9,820;97,050;13,810;12,650;115,880;145,740;20,240;347,350;186,850;195,910;17,030;14,670;13;10;108
06/01/2022;494,140;99,220;127,410;10,080;102,980;9,870;96,910;13,810;12,840;117,300;143,650;20,750;348,290;188,440;196,740;16,440;14,420;13;10;109
30/12/2021;494,210;99,230;127,260;10,080;103,300;9,920;97,630;13,880;12,800;118,930;141,380;22,010;341,940;189,490;197,110;16,600;14,480;14;10;109
23/12/2021;494,260;99,230;127,500;10,090;103,320;9,910;97,740;13,920;12,720;117,680;140,760;21,910;337,890;187,140;194,770;16,550;14,380;14;10;108
16/12/2021;494,310;99,240;127,590;10,100;103,550;9,950;98,440;13,930;12,640;116,530;139,480;21,410;336,230;185,360;193,450;16,620;14,380;14;10;107
09/12/2021;494,350;99,260;127,690;10,100;103,360;9,990;98,430;13,900;12,590;118,640;138,990;21,810;333,990;186,000;193,050;16,950;14,680;14;10;107
02/12/2021;494,400;99,260;127,480;10,090;103,330;10,000;98,530;13,850;12,360;116,730;136,780;21,250;325,600;180,360;189,210;16,750;14,630;14;10;106
25/11/2021;494,460;99,310;127,700;10,090;103,350;10,000;98,160;13,790;12,830;121,540;142,840;21,470;330,800;185,910;194,620;16,990;14,790;14;10;107
18/11/2021;494,510;99,340;127,350;10,110;103,570;10,000;97,940;13,840;12,900;122,310;144,140;22,620;337,150;188,000;196,510;17,230;14,840;14;10;108
11/11/2021;494,550;99,360;126,270;10,110;103,590;10,000;98,080;13,850;12,630;122,920;143,560;22,220;336,390;188,130;196,830;17,070;14,880;14;10;108
04/11/2021;494,610;99,360;125,460;10,120;103,830;10,000;97,980;13,800;12,490;122,090;141,600;22,500;331,660;186,960;195,590;17,190;14,600;14;10;107
28/10/2021;494,660;99,380;123,930;10,100;103,660;10,000;97,730;13,790;12,310;119,710;139,470;22,050;324,500;182,900;190,450;17,360;14,490;14;10;107
21/10/2021;494,710;99,380;124,260;10,110;103,650;10,000;97,020;13,770;12,230;119,160;140,230;22,010;327,230;179,800;186,670;17,290;14,580;14;10;108
14/10/2021;494,750;99,390;125,070;10,120;103,930;10,000;97,650;13,830;12,160;117,770;138,670;21,450;322,660;178,620;185,500;16,930;14,490;14;10;107
07/10/2021;494,800;99,390;125,510;10,130;104,050;10,000;97,250;13,850;11,960;115,120;136,920;21,240;320,900;175,650;182,970;16,750;14,410;14;10;108
30/09/2021;494,850;99,410;125,260;10,130;104,150;10,000;97,510;13,900;11,860;114,120;133,450;20,910;310,870;173,570;181,530;16,880;14,230;14;10;107
23/09/2021;494,900;99,420;123,550;10,150;104,270;10,000;98,130;14,040;12,100;116,910;133,800;21,910;310,910;178,350;185,090;17,170;14,360;14;10;107
16/09/2021;494,950;99,430;123,500;10,160;104,430;10,000;98,360;14,040;12,100;117,100;133,850;22,060;309,860;177,530;184,550;17,170;14,390;14;10;107
09/09/2021;495,000;99,420;122,950;10,160;104,470;10,000;98,510;13,990;12,240;116,810;133,770;22,160;308,830;177,320;185,160;17,520;14,380;14;10;106
02/09/2021;495,040;99,430;122,440;10,160;104,490;10,000;98,600;14,010;12,360;117,670;135,820;22,130;314,230;179,650;187,850;17,580;14,420;14;10;106
26/08/2021;495,090;99,430;123,530;10,160;104,420;10,000;98,580;14,000;12,140;116,660;135,230;21,840;315,400;177,570;186,420;17,170;14,170;14;10;106
19/08/2021;495,140;99,440;124,310;10,170;104,450;10,000;98,980;14,050;12,080;115,240;132,970;21,560;311,620;176,570;186,420;16,840;14,030;14;10;106
12/08/2021;495,180;99,440;123,780;10,170;104,550;10,000;98,640;13,990;12,330;116,530;137,650;21,570;318,620;178,100;188,040;17,400;14,370;14;10;106
05/08/2021;495,240;99,450;122,740;10,170;104,550;10,000;99,070;14,030;12,310;115,440;134,810;21,720;307,920;176,530;185,440;17,560;14,370;14;10;105
29/07/2021;495,290;99,450;122,290;10,160;104,540;10,000;98,720;13,980;12,280;115,160;135,640;21,570;309,470;173,770;182,570;17,380;14,140;14;10;106
22/07/2021;495,330;99,450;123,210;10,150;104,510;10,000;98,700;13,950;12,160;114,810;134,000;21,380;306,800;170,490;180,630;17,810;14,430;14;10;105
15/07/2021;495,380;99,460;122,880;10,150;104,430;10,000;98,370;13,940;12,160;114,510;133,870;21,120;308,030;170,130;181,190;18,000;14,510;13;10;105
08/07/2021;495,420;99,460;122,570;10,140;104,480;10,000;98,350;13,940;12,110;114,130;131,940;20,970;305,610;168,520;179,950;17,470;14,150;13;10;105
01/07/2021;495,460;99,460;122,250;10,130;104,320;10,000;97,670;13,810;12,230;115,890;135,490;20,610;312,720;169,930;180,210;17,970;14,590;14;10;105
24/06/2021;495,510;99,460;121,650;10,130;104,280;10,000;97,570;13,790;12,160;115,080;135,160;20,290;307,980;170,220;181,780;17,940;14,590;13;10;105
17/06/2021;495,560;99,470;121,550;10,130;104,340;10,000;97,520;13,750;12,180;115,220;135,260;19,900;304,580;170,000;182,070;17,980;14,590;13;10;105
10/06/2021;495,600;99,470;119,400;10,130;104,520;10,000;97,630;13,780;12,100;113,600;134,730;19,600;307,200;167,780;179,440;18,170;14,440;13;10;105
03/06/2021;495,650;99,470;119,670;10,110;104,370;10,000;96,960;13,670;12,060;113,180;135,360;18,990;309,630;166,460;177,960;18,180;14,490;13;10;105
27/05/2021;495,700;99,460;119,080;10,110;104,370;10,000;97,020;13,650;11,840;112,680;133,070;19,250;306,090;165,190;176,090;18,080;14,170;13;10;105
20/05/2021;495,740;99,460;118,880;10,090;104,260;10,000;96,790;13,580;11,710;111,750;130,890;19,060;302,970;164,000;176,610;17,670;13,760;13;10;104
13/05/2021;495,770;99,460;119,710;10,090;104,240;10,000;96,670;13,580;11,770;112,230;131,990;18,590;304,920;163,930;174,250;17,410;13,530;12;10;105
06/05/2021;495,840;99,460;120,380;10,110;104,320;10,000;97,240;13,640;11,790;113,490;132,640;19,180;307,430;163,650;175,030;17,810;13,930;13;10;104
29/04/2021;495,880;99,460;119,810;10,100;104,380;10,000;97,080;13,610;11,690;114,520;130,640;19,650;301,480;161,830;173,790;18,200;14,020;13;10;104
22/04/2021;495,930;99,460;120,030;10,110;104,240;10,000;97,470;13,620;11,670;114,500;127,820;19,260;295,420;162,040;174,590;17,800;13,850;13;10;104
15/04/2021;495,970;99,460;120,030;10,110;104,220;10,000;97,570;13,580;11,710;114,520;129,470;19,470;298,070;162,330;173,480;17,820;13,870;13;10;104
08/04/2021;496,020;99,460;120,030;10,120;104,190;10,000;97,410;13,550;11,630;114,610;128,670;19,010;295,350;161,040;172,570;17,780;14,050;13;10;104
01/04/2021;496,040;99,450;120,030;10,110;104,050;10,000;97,280;13,480;11,530;115,090;128,720;18,420;297,780;159,400;171,020;17,660;14,180;13;10;104
25/03/2021;496,110;99,460;120,030;10,110;104,080;10,000;97,440;13,530;11,190;111,790;127,130;17,680;291,550;155,820;167,620;17,160;13,770;12;10;104
18/03/2021;496,160;99,460;120,030;10,100;104,070;10,000;96,820;13,460;11,330;112,350;128,230;17,790;291,360;158,590;168,720;17,720;14,040;13;10;103
11/03/2021;496,200;99,470;120,030;10,100;104,000;10,000;97,460;13,550;11,320;113,110;126,930;18,160;289,640;157,750;168,330;17,740;14,240;13;10;103
04/03/2021;496,240;99,490;120,030;10,100;104,110;10,000;97,380;13,520;11,060;108,060;122,490;17,360;273,950;154,590;163,350;17,860;14,160;12;10;103
25/02/2021;496,290;99,500;120,030;10,090;104,080;10,000;97,160;13,520;10,990;109,890;119,890;17,890;270,680;154,590;162,910;18,430;14,390;13;10;103
18/02/2021;496,340;99,500;120,030;10,110;104,470;10,000;98,110;13,670;10,980;113,500;120,060;18,730;270,590;154,060;163,120;19,080;15,160;13;10;104
11/02/2021;496,370;99,500;120,030;10,130;104,590;10,000;98,800;13,740;11,070;115,000;119,570;18,720;269,540;153,040;162,230;19,090;15,160;13;10;105
04/02/2021;496,410;99,480;120,030;10,120;104,520;10,000;98,860;13,710;11,020;114,360;119,590;18,380;269,120;152,490;163,160;18,510;14,770;13;10;105
28/01/2021;496,450;99,460;120,030;10,100;104,450;10,000;99,220;13,730;10,780;110,740;113,330;17,640;260,010;149,150;161,900;17,930;14,140;13;10;104
21/01/2021;496,500;99,470;120,030;10,100;104,510;10,000;99,240;13,760;10,880;114,160;117,220;17,940;268,240;152,940;164,180;18,760;14,810;13;10;105
14/01/2021;496,540;99,440;120,030;10,100;104,450;10,000;99,410;13,720;10,900;112,940;116,340;17,380;270,460;153,120;164,630;18,120;14,420;13;10;104
07/01/2021;496,580;99,440;120,030;10,110;104,520;10,000;99,530;13,740;10,790;109,550;113,820;17,850;265,750;151,700;162,430;17,690;13,980;13;10;104
31/12/2020;496,600;99,420;120,030;10,100;104,570;10,000;99,970;13,760;10,710;104,570;110,470;17,860;254,390;147,480;160,070;17,270;13,630;12;10;104
24/12/2020;496,650;99,420;120,030;10,090;104,560;10,000;99,910;13,750;10,640;104,750;110,400;17,660;252,170;147,780;159,570;16,760;13,390;12;10;104
17/12/2020;496,700;99,420;120,030;10,100;104,480;10,000;99,920;13,760;10,620;102,640;109,350;17,690;251,310;146,930;160,170;16,810;13,490;12;10;103
10/12/2020;496,730;99,420;120,030;10,100;104,450;10,000;100,060;13,760;10,530;100,560;108,800;17,270;252,990;144,440;158,650;16,460;13,340;12;10;103
03/12/2020;496,770;99,420;120,030;10,090;104,380;10,000;100,000;13,700;10,510;99,220;108,790;17,380;248,760;144,700;158,350;16,190;13,080;12;10;103
26/11/2020;496,810;99,400;120,030;10,080;104,360;10,000;100,000;13,720;10,570;102,050;109,340;17,300;247,580;143,940;159,670;16,030;13,220;12;10;103
19/11/2020;496,850;99,370;120,030;10,070;104,210;10,000;100,000;13,690;10,350;100,000;106,120;17,010;247,260;142,580;158,280;15,780;13,020;12;10;103
12/11/2020;496,900;99,330;120,030;10,060;104,060;10,000;100,000;13,620;10,110;100,000;102,440;16,960;240,170;141,550;157,980;15,550;13,010;11;10;103
05/11/2020;496,920;99,270;120,030;10,040;103,920;10,000;100,000;13,630;9,500;100,000;95,700;17,370;232,450;137,100;151,940;15,270;13,440;11;10;102
29/10/2020;496,960;99,250;120,030;10,030;103,610;10,000;100,000;13,540;8,990;100,000;89,380;16,050;220,260;127,420;142,340;14,590;12,970;11;10;102
22/10/2020;496,990;99,260;120,030;10,020;103,700;10,000;100,000;13,560;9,430;100,000;94,580;16,700;230,140;133,960;151,050;14,750;12,890;11;10;102
15/10/2020;497,020;99,250;120,030;10,020;103,910;10,000;100,000;13,610;9,540;100,000;93,160;16,520;231,330;135,280;153,010;14,550;12,960;11;10;102
08/10/2020;497,060;99,220;120,030;10,010;103,640;10,000;100,000;13,560;9,690;100,000;93,860;16,250;230,930;136,820;154,650;14,680;12,680;11;10;102
01/10/2020;497,090;99,180;120,030;9,990;103,460;10,000;100,000;13,530;9,400;100,000;89,850;16,150;221,200;135,190;152,990;14,120;12,330;11;10;101
24/09/2020;497,120;99,200;120,030;9,990;103,360;10,000;100,000;13,550;9,230;100,000;87,720;15,400;216,230;132,840;150,790;13,720;11,940;10;10;101
17/09/2020;497,150;99,210;120,030;9,990;103,640;10,000;100,000;13,590;9,630;100,000;93,110;15,760;225,200;137,100;156,990;14,180;12,080;11;10;101
10/09/2020;497,180;99,200;120,030;9,980;103,560;10,000;100,000;13,550;9,410;100,000;91,490;15,830;218,810;135,230;156,450;13,950;11,910;11;10;101
03/09/2020;497,190;99,180;120,030;9,980;103,700;10,000;100,000;13,590;9,380;100,000;92,840;16,480;224,470;134,120;155,280;14,350;12,330;11;10;102
27/08/2020;497,220;99,140;120,030;9,970;103,410;10,000;100,000;13,540;9,340;100,000;93,670;16,650;227,740;135,450;156,930;14,410;12,520;11;10;102
20/08/2020;497,240;99,120;120,030;9,970;103,410;10,000;100,000;13,540;9,130;100,000;90,490;15,850;222,410;133,620;153,640;13,890;11,940;11;10;101
13/08/2020;497,260;99,100;120,030;9,960;103,320;10,000;100,000;13,550;9,260;100,000;91,880;15,520;225,770;135,370;156,160;13,980;11,800;11;10;102
06/08/2020;497,270;99,030;120,030;9,950;103,320;10,000;100,000;13,580;9,030;100,000;89,530;15,630;220,420;131,290;151,850;14,060;12,040;11;10;101
30/07/2020;497,280;98,980;120,030;9,940;103,150;10,000;100,000;13,540;8,990;100,000;86,400;15,080;219,090;129,710;151,060;13,770;11,730;10;10;100
23/07/2020;497,300;98,930;120,030;9,940;103,110;10,000;100,000;13,510;9,250;100,000;89,610;15,030;222,660;134,670;156,250;13,730;11,660;10;10;100
16/07/2020;497,300;98,820;120,030;9,900;102,700;10,000;100,000;13,440;9,340;100,000;89,360;14,900;223,120;133,920;155,850;13,260;11,440;10;10;99
09/07/2020;497,310;98,770;120,030;9,890;102,550;10,000;100,000;13,410;9,300;100,000;86,480;15,050;213,970;130,790;152,590;13,650;11,960;10;10;99
02/07/2020;497,290;98,680;120,030;9,870;102,350;10,000;100,000;13,360;9,380;100,000;88,230;14,800;220,010;132,240;153,540;13,050;11,300;10;10;99
25/06/2020;497,250;98,640;120,030;9,870;102,210;10,000;100,000;13,370;9,260;100,000;86,550;14,580;219,160;128,990;150,590;12,660;10,990;10;10;99
18/06/2020;497,210;98,610;120,030;9,870;102,170;10,000;100,000;13,360;9,460;100,000;88,920;14,520;223,970;129,270;152,580;12,490;10,760;10;10;99
11/06/2020;497,190;98,480;120,030;9,850;101,920;10,000;100,000;13,320;9,230;100,000;85,150;13,800;213,570;125,490;149,080;12,490;10,350;10;10;98
04/06/2020;497,180;98,260;120,030;9,830;101,650;10,000;100,000;13,220;9,670;100,000;90,260;14,120;229,980;130,580;153,310;12,390;10,380;10;10;99
28/05/2020;497,170;97,980;120,030;9,780;101,060;10,000;100,000;13,170;9,390;100,000;87,400;13,990;225,140;126,050;150,020;11,540;10,100;10;10;98
21/05/2020;497,160;97,760;120,030;9,730;100,370;10,000;100,000;13,110;8,900;100,000;82,540;13,770;217,170;121,210;143,920;11,320;10,330;9;10;98
14/05/2020;497,160;97,580;120,030;9,710;99,820;10,000;100,000;13,040;8,720;100,000;77,790;13,190;209,760;115,990;138,180;11,370;10,160;9;10;97
07/05/2020;497,290;97,460;120,030;9,720;99,940;10,000;100,000;12,980;8,950;100,000;81,280;13,470;215,280;119,610;143,200;11,420;10,260;9;10;96
30/04/2020;497,180;97,380;120,030;9,730;100,370;10,000;100,000;13,010;8,990;100,000;82,850;13,120;217,350;118,730;144,500;11,690;10,160;9;10;96
23/04/2020;497,210;97,160;120,030;9,680;99,440;10,000;100,000;12,950;8,890;100,000;78,170;12,410;207,640;115,740;142,340;11,280;9,960;9;10;96
16/04/2020;497,250;97,060;120,030;9,690;99,410;10,000;100,000;12,970;8,860;100,000;76,130;12,270;204,250;112,490;138,490;11,150;9,720;9;10;96
09/04/2020;497,270;96,500;120,030;9,670;99,070;10,000;100,000;12,770;8,880;100,000;80,610;12,150;211,420;112,640;140,310;11,160;9,570;9;10;97
02/04/2020;497,350;96,200;120,030;9,630;96,900;10,000;100,000;12,730;8,370;100,000;70,710;11,080;188,810;106,350;132,150;10,630;9,100;8;10;95
26/03/2020;497,420;96,010;120,030;9,650;96,310;10,000;100,000;12,560;8,580;100,000;78,010;11,670;198,060;108,500;134,680;10,680;9,190;8;10;95
19/03/2020;497,550;97,430;120,030;9,670;89,040;10,000;100,000;12,310;7,990;100,000;68,790;10,740;181,350;98,630;122,250;9,620;8,510;8;10;91
12/03/2020;497,670;98,950;120,030;9,900;100,390;10,000;100,000;13,160;8,140;100,000;74,330;11,060;187,380;101,810;126,050;11,100;9,260;8;10;93
05/03/2020;497,710;99,580;120,030;10,050;102,880;10,000;100,000;13,390;9,880;100,000;94,350;13,100;232,140;132,100;158,430;12,810;10,620;9;10;100
27/02/2020;497,720;99,740;120,030;10,060;102,440;10,000;100,000;13,350;10,130;100,000;99,360;12,910;239,180;135,160;161,840;12,720;10,720;9;10;101
20/02/2020;497,760;99,800;120,030;10,080;102,420;10,000;100,000;13,300;11,300;100,000;113,910;14,560;275,340;149,180;177,250;13,330;11,550;10;10;103
13/02/2020;497,790;99,770;120,030;10,080;102,320;10,000;100,000;13,240;11,320;100,000;114,000;14,450;275,640;149,290;177,430;13,460;11,530;10;10;103
06/02/2020;497,820;99,740;120,030;10,080;102,290;10,000;100,000;13,170;11,180;100,000;111,560;14,260;271,850;146,600;176,240;13,370;11,320;10;10;103
30/01/2020;497,860;99,700;120,030;10,070;102,300;10,000;100,000;13,230;10,980;100,000;108,930;14,070;264,990;142,470;170,490;12,770;10,920;10;10;103
23/01/2020;497,890;99,700;120,030;10,060;102,150;10,000;100,000;13,120;11,210;100,000;111,890;14,160;271,490;144,290;172,750;13,470;11,320;10;10;103
16/01/2020;497,930;99,670;120,030;10,040;101,940;10,000;100,000;13,060;11,260;100,000;112,270;14,110;270,940;144,540;171,930;13,760;11,480;10;10;103
09/01/2020;497,960;99,670;120,030;10,040;101,830;10,000;100,000;12,990;11,170;100,000;111,960;13,860;269,590;144,340;172,090;13,550;11,350;10;10;104
02/01/2020;497,990;99,650;120,030;10,040;101,810;10,000;100,000;12,940;11,010;100,000;111,720;13,670;268,060;144,380;172,670;13,440;11,240;10;10;104
26/12/2019;498,030;99,650;120,030;10,040;101,800;10,000;100,000;12,960;10,990;100,000;111,300;13,460;267,940;144,100;172,720;13,370;11,160;10;10;103
19/12/2019;498,060;99,660;120,030;10,040;101,730;10,000;100,000;12,950;10,890;100,000;110,870;13,470;267,440;142,590;170,080;13,240;11,150;10;10;104
12/12/2019;498,100;99,640;120,030;10,030;101,600;10,000;100,000;13,000;10,780;100,000;108,960;13,210;265,600;140,310;167,940;12,880;10,930;10;10;103
05/12/2019;498,130;99,640;120,030;10,030;101,680;10,000;100,000;13,000;10,690;100,000;106,920;13,100;259,810;138,710;165,730;12,590;10,740;10;10;103
28/11/2019;498,160;99,640;120,030;10,030;101,580;10,000;100,000;13,030;10,820;100,000;109,410;13,210;260,110;140,880;167,700;12,690;10,870;10;10;102
21/11/2019;498,200;99,630;120,030;10,020;101,540;10,000;100,000;13,000;10,660;100,000;107,100;12,990;258,730;137,720;164,340;12,570;10,730;10;10;103
14/11/2019;498,240;99,630;120,030;10,030;101,590;10,000;100,000;12,940;10,740;100,000;108,170;12,890;259,120;139,220;166,370;12,580;10,750;10;10;102
07/11/2019;498,270;99,630;120,030;10,030;101,470;10,000;100,000;12,930;10,700;100,000;109,490;12,730;258,470;139,790;167,200;12,940;10,970;10;10;103
31/10/2019;498,300;99,620;120,030;10,040;101,750;10,000;100,000;13,000;10,390;100,000;105,000;12,670;249,330;135,740;163,910;12,660;10,690;10;10;102
24/10/2019;498,350;99,610;120,030;10,040;101,800;10,000;100,000;13,000;10,270;100,000;104,860;12,500;248,510;136,410;163,310;12,510;10,670;10;10;102
17/10/2019;498,380;99,600;120,030;10,040;101,720;10,000;100,000;12,970;10,260;100,000;104,540;12,480;246,690;134,380;160,520;12,440;10,680;10;10;102
10/10/2019;498,420;99,580;120,030;10,030;101,570;10,000;100,000;13,080;10,120;100,000;100,100;12,260;241,610;130,540;156,240;12,050;10,600;10;10;101
03/10/2019;498,450;99,590;120,030;10,050;101,840;10,000;100,000;13,090;10,030;100,000;98,710;12,070;241,570;128,460;154,240;12,030;10,630;10;10;100
26/09/2019;498,490;99,590;120,030;10,040;101,400;10,000;100,000;13,040;10,270;100,000;102,550;12,320;249,310;132,310;159,120;12,200;10,840;10;10;101
19/09/2019;498,520;99,610;120,030;10,040;101,220;10,000;100,000;12,960;10,320;100,000;104,020;12,350;250,250;133,980;159,960;12,250;10,690;10;10;101
12/09/2019;498,560;99,600;120,030;10,040;101,250;10,000;100,000;12,940;10,300;100,000;104,530;12,310;251,280;133,770;159,180;12,390;10,800;10;10;101
05/09/2019;498,590;99,630;120,030;10,060;101,530;10,000;100,000;13,080;10,210;100,000;101,030;12,550;245,290;132,570;157,670;12,170;10,790;10;10;101
29/08/2019;498,610;99,620;120,030;10,070;101,610;10,000;100,000;13,140;10,050;100,000;97,500;12,370;239,320;128,920;154,170;11,860;10,640;10;10;100
22/08/2019;498,640;99,620;120,030;10,060;101,500;10,000;100,000;13,070;10,040;100,000;97,110;12,270;239,280;128,280;152,980;11,910;10,590;10;10;101
15/08/2019;498,660;99,600;120,030;10,060;101,550;10,000;100,000;13,100;9,870;100,000;95,220;12,010;232,730;126,440;149,300;11,860;10,510;10;10;100
08/08/2019;498,690;99,620;120,030;10,050;101,400;10,000;100,000;12,990;10,070;100,000;97,330;12,360;241,550;128,700;153,260;11,980;10,560;10;10;101
01/08/2019;498,710;99,640;120,030;10,050;101,320;10,000;100,000;12,820;10,310;100,000;101,070;12,340;247,790;132,610;158,770;12,460;10,860;10;10;102
25/07/2019;498,740;99,630;120,030;10,040;101,160;10,000;100,000;12,830;10,350;100,000;102,230;12,500;250,330;133,100;158,760;12,840;11,000;10;10;102
18/07/2019;498,760;99,590;120,030;10,020;101,070;10,000;100,000;12,780;10,290;100,000;100,230;12,730;247,040;130,750;158,230;12,740;11,050;10;10;102
11/07/2019;498,780;99,570;120,030;10,010;100,930;10,000;100,000;12,780;10,260;100,000;99,970;12,700;246,550;130,070;159,590;12,730;11,020;10;10;103
04/07/2019;498,800;99,540;120,030;10,020;101,010;10,000;100,000;12,830;10,330;100,000;100,830;12,560;248,670;132,600;162,000;12,860;11,060;10;10;102
27/06/2019;498,820;99,500;120,030;10,000;100,990;10,000;100,000;12,770;10,100;100,000;98,110;12,190;239,600;128,700;157,310;12,690;10,790;10;10;102
20/06/2019;498,840;99,490;120,030;10,000;100,980;10,000;100,000;12,790;10,130;100,000;98,820;12,460;242,310;128,830;158,590;12,620;10,830;10;10;102
13/06/2019;498,860;99,460;120,030;9,970;100,600;10,000;100,000;12,710;9,980;100,000;96,860;12,150;237,910;127,520;156,880;12,200;10,580;10;10;101
06/06/2019;498,870;99,450;120,030;9,960;100,570;10,000;100,000;12,700;9,860;100,000;95,130;11,900;234,440;125,300;154,610;12,020;10,410;10;10;102
30/05/2019;498,890;99,440;120,030;9,950;100,080;10,000;100,000;12,700;9,730;100,000;93,470;11,820;232,700;124,420;153,790;11,930;10,430;10;10;102
23/05/2019;498,910;99,460;120,030;9,950;100,050;10,000;100,000;12,590;9,830;100,000;95,420;11,870;235,160;126,150;154,540;11,830;10,220;10;10;101
16/05/2019;498,940;99,470;120,030;9,960;100,050;10,000;100,000;12,560;9,950;100,000;98,600;12,090;238,730;130,470;157,030;12,020;10,210;10;10;102
09/05/2019;498,960;99,500;120,030;9,960;99,990;10,000;100,000;12,510;9,860;100,000;98,940;11,950;238,390;129,120;153,840;12,250;10,100;10;10;102
02/05/2019;498,980;99,520;120,030;9,960;99,970;10,000;100,000;12,470;10,120;100,000;102,590;12,110;242,220;132,850;157,920;12,670;10,600;10;10;102
25/04/2019;499,010;99,480;120,030;9,950;99,970;10,000;100,000;12,460;10,160;100,000;103,230;12,240;242,240;134,010;157,870;12,520;10,410;10;10;102
18/04/2019;499,010;99,460;120,030;9,940;99,850;10,000;100,000;12,400;10,160;100,000;102,920;12,000;239,030;134,600;157,140;12,670;10,410;10;10;102
11/04/2019;499,040;99,380;120,030;9,930;99,830;10,000;100,000;12,430;10,010;100,000;100,270;12,010;237,090;132,170;156,120;12,620;10,280;10;10;102
04/04/2019;499,070;99,340;120,030;9,920;99,720;10,000;100,000;12,420;10,050;100,000;99,970;11,940;237,810;132,380;156,020;12,580;10,300;10;10;102
28/03/2019;499,090;99,300;120,030;9,910;99,790;10,000;100,000;12,510;9,770;100,000;95,250;11,710;230,900;127,450;152,330;12,160;10,090;10;10;101
21/03/2019;499,110;99,300;120,030;9,900;99,510;10,000;100,000;12,390;9,860;100,000;97,020;11,810;232,250;129,260;153,190;12,270;10,020;10;10;102
14/03/2019;499,120;99,250;120,030;9,890;99,300;10,000;100,000;12,300;9,790;100,000;97,400;11,510;232,250;128,540;151,990;12,050;9,930;10;10;102
07/03/2019;499,130;99,210;120,030;9,880;99,170;10,000;100,000;12,260;9,770;100,000;96,560;11,270;229,630;126,140;150,580;12,030;9,790;10;10;102
28/02/2019;499,140;99,170;120,030;9,860;98,990;10,000;100,000;12,250;9,790;100,000;97,080;11,350;231,130;126,270;150,440;11,970;9,680;10;10;102
21/02/2019;499,170;99,120;120,030;9,850;98,800;10,000;100,000;12,250;9,760;100,000;95,620;11,250;231,960;124,600;150,660;12,010;9,730;10;10;102
14/02/2019;499,180;99,060;120,030;9,850;98,790;10,000;100,000;12,200;9,670;100,000;94,000;11,230;229,860;121,820;148,320;11,910;9,670;10;10;101
07/02/2019;499,200;99,060;120,030;9,850;98,790;10,000;100,000;12,200;9,440;100,000;93,060;10,970;225,540;120,850;146,870;11,810;9,570;10;10;101
31/01/2019;499,220;98,940;120,030;9,830;98,700;10,000;100,000;12,150;9,400;100,000;92,760;10,890;223,310;121,270;145,690;11,770;9,450;10;10;102
24/01/2019;499,240;98,830;120,030;9,810;98,370;10,000;100,000;12,120;9,390;100,000;91,950;10,790;220,630;119,820;145,470;11,480;9,390;10;10;101
17/01/2019;499,260;98,730;120,030;9,800;98,170;10,000;100,000;12,100;9,230;100,000;91,200;10,760;219,710;117,800;144,070;11,470;9,250;10;10;101
10/01/2019;499,290;98,620;120,030;9,770;97,890;10,000;100,000;12,070;9,180;100,000;87,740;10,630;212,050;117,300;143,210;11,410;9,040;10;10;101
03/01/2019;499,320;98,700;120,030;9,790;98,160;10,000;100,000;12,100;8,750;100,000;83,000;9,990;202,260;111,700;137,530;10,900;8,900;10;10;100
27/12/2018;499,350;98,730;120,030;9,790;97,910;10,000;100,000;12,010;8,700;100,000;82,950;10,200;203,780;109,860;135,670;11,000;8,940;10;10;100
20/12/2018;499,380;98,770;120,030;9,790;97,800;10,000;100,000;12,040;8,770;100,000;83,550;10,090;201,220;112,560;138,410;11,060;8,960;10;10;101
13/12/2018;499,410;98,770;120,030;9,790;97,620;10,000;100,000;11,940;9,120;100,000;88,200;10,870;215,980;117,770;142,890;11,310;9,080;10;10;101
06/12/2018;499,430;98,940;120,030;9,790;97,550;10,000;100,000;11,950;9,090;100,000;89,580;10,950;222,230;115,700;140,740;11,190;9,000;10;10;101
29/11/2018;499,460;99,100;120,030;9,800;97,570;10,000;100,000;11,880;9,350;100,000;92,690;11,020;232,890;120,320;147,220;11,330;9,040;10;10;101
22/11/2018;499,480;99,180;120,030;9,810;97,630;10,000;100,000;11,910;9,270;100,000;90,550;10,520;226,260;118,240;143,970;11,060;8,800;10;10;101
15/11/2018;499,510;99,390;120,030;9,840;97,760;10,000;100,000;11,920;9,450;100,000;92,670;11,050;229,720;121,440;145,840;11,070;8,880;10;10;102
08/11/2018;499,540;99,470;120,030;9,860;97,750;10,000;100,000;11,900;9,630;100,000;95,380;11,380;232,900;125,160;147,210;11,180;8,800;10;10;102
01/11/2018;499,570;99,460;120,030;9,860;97,800;10,000;100,000;11,940;9,610;100,000;94,850;11,010;227,780;124,130;145,910;11,250;8,640;10;10;102
25/10/2018;499,590;99,480;120,030;9,860;97,990;10,000;100,000;11,980;9,310;100,000;90,960;10,950;222,060;120,880;142,810;10,540;8,610;10;10;102
18/10/2018;499,610;99,540;120,030;9,870;98,020;10,000;100,000;11,950;9,460;100,000;93,130;11,190;230,700;124,850;145,830;10,870;8,710;10;10;102
11/10/2018;499,640;99,580;120,030;9,870;98,060;10,000;100,000;11,950;9,370;100,000;92,430;10,870;227,160;123,500;145,000;10,710;8,540;10;10;102
04/10/2018;499,670;99,620;120,030;9,880;98,010;10,000;100,000;11,940;9,900;100,000;98,620;11,660;243,030;131,680;152,470;11,370;8,950;10;10;102
27/09/2018;499,710;99,630;120,030;9,900;98,170;10,000;100,000;12,010;10,030;100,000;99,640;11,910;239,710;133,020;153,990;11,780;9,130;10;10;102
20/09/2018;499,740;99,630;120,030;9,900;98,190;10,000;100,000;12,000;10,030;100,000;100,090;11,830;242,010;131,330;152,540;11,660;9,040;10;10;102
13/09/2018;499,770;99,630;120,030;9,900;98,260;10,000;100,000;12,050;10,030;100,000;98,120;11,740;238,130;128,230;151,950;11,430;9,050;10;10;101
06/09/2018;499,790;99,620;120,030;9,900;98,370;10,000;100,000;12,080;10,030;100,000;97,910;11,610;237,780;126,160;150,450;11,590;9,170;10;10;101
30/08/2018;499,820;99,640;120,030;9,890;98,600;10,000;100,000;12,110;10,030;100,000;100,500;11,750;239,910;130,000;154,650;12,080;9,530;10;10;101
23/08/2018;499,860;99,660;120,030;9,910;98,460;10,000;100,000;12,150;10,030;100,000;99,770;11,510;238,920;128,640;153,970;11,930;9,500;10;10;101
16/08/2018;499,890;99,650;120,030;9,910;98,370;10,000;100,000;12,130;10,030;100,000;100,410;11,390;240,420;127,810;152,380;11,610;9,450;10;10;101
09/08/2018;499,920;99,680;120,030;9,930;98,400;10,000;100,000;12,120;10,030;100,000;102,180;11,500;239,010;131,300;154,090;12,170;9,800;10;10;102
02/08/2018;499,960;99,670;120,030;9,920;98,250;10,000;100,000;12,100;10,030;100,000;101,550;11,370;237,260;130,480;152,690;11,960;9,690;10;10;102
26/07/2018;499,990;99,640;120,030;9,920;98,220;10,000;100,000;12,090;10,030;100,000;102,120;11,470;236,670;132,560;153,590;12,200;9,970;10;10;102
19/07/2018;499,990;99,620;120,030;9,920;98,220;10,000;100,000;12,130;10,030;100,000;101,050;11,360;234,740;131,860;152,050;11,950;9,910;10;10;101
12/07/2018;499,990;99,600;120,030;9,910;98,140;10,000;100,000;12,130;10,030;100,000;100,280;11,320;232,660;132,090;151,460;11,960;9,840;10;10;101
05/07/2018;499,990;99,590;120,030;9,900;98,080;10,000;100,000;12,120;10,030;100,000;98,690;11,000;227,470;129,980;150,000;11,820;9,550;10;10;101
28/06/2018;499,990;99,590;120,030;9,900;98,120;10,000;100,000;12,130;10,030;100,000;98,880;10,840;228,690;128,830;147,980;11,840;9,630;10;10;101
21/06/2018;499,990;99,640;120,030;9,920;98,170;10,000;100,000;12,130;10,030;100,000;100,140;11,050;232,000;130,140;149,370;12,090;9,990;10;10;101
14/06/2018;499,990;99,630;120,030;9,910;98,160;10,000;100,000;12,100;10,030;100,000;102,900;11,160;234,790;133,880;152,760;12,520;10,270;10;10;101
07/06/2018;499,990;99,650;120,030;9,880;98,180;10,000;100,000;12,070;10,030;100,000;101,400;10,990;231,440;131,960;149,650;12,860;10,230;10;10;101
31/05/2018;499,990;99,650;120,030;9,900;98,300;10,000;100,000;12,130;10,030;100,000;99,330;10,750;228,460;130,620;148,170;12,530;10,130;10;10;101
24/05/2018;499,990;99,790;120,030;9,940;98,280;10,000;100,000;12,070;10,030;100,000;100,790;10,760;230,780;132,020;150,130;12,640;10,040;10;10;101
17/05/2018;499,990;99,850;120,030;9,960;98,180;10,000;100,000;12,060;10,030;100,000;101,680;10,660;231,210;133,490;150,610;12,620;10,000;10;10;102
10/05/2018;499,990;99,870;120,030;9,980;98,390;10,000;100,000;12,130;10,030;100,000;100,670;10,630;227,550;131,260;148,660;12,780;10,000;10;10;102
03/05/2018;499,990;99,880;120,030;9,990;98,440;10,000;100,000;12,160;10,030;100,000;97,470;10,260;219,080;128,770;145,610;12,640;10,000;10;10;102
26/04/2018;499,990;99,880;120,030;9,980;98,450;10,000;100,000;12,120;10,030;100,000;96,880;10,350;221,860;128,460;145,190;12,580;10,000;10;10;102
19/04/2018;499,990;99,870;120,030;9,980;98,580;10,000;100,000;12,180;10,030;100,000;96,480;10,330;219,730;127,540;144,580;12,880;10,000;10;10;102
12/04/2018;499,990;99,860;120,030;9,990;98,700;10,000;100,000;12,230;10,030;100,000;95,680;10,210;218,000;125,640;143,140;12,800;10,000;10;10;102
05/04/2018;499,990;99,850;120,030;9,990;98,630;10,000;100,000;12,240;10,030;100,000;95,460;10,220;218,490;125,640;142,530;12,590;10,000;10;10;101
29/03/2018;499,990;99,850;120,030;9,990;98,660;10,000;100,000;12,260;10,030;100,000;94,140;10,140;215,500;124,220;140,280;12,600;10,000;10;10;101
22/03/2018;499,990;99,870;120,030;9,990;98,600;10,000;100,000;12,230;10,030;100,000;94,550;10,130;215,970;124,150;139,910;12,840;10,000;10;10;101
15/03/2018;499,990;99,930;120,030;9,990;98,750;10,000;100,000;12,260;10,030;100,000;98,100;10,590;223,440;127,090;142,740;13,030;10,000;10;10;101
08/03/2018;499,990;99,960;120,030;9,990;98,850;10,000;100,000;12,230;10,030;100,000;97,770;10,440;223,680;126,830;142,390;12,810;10,000;10;10;102
01/03/2018;499,990;99,990;120,030;9,980;98,940;10,000;100,000;12,260;10,030;100,000;97,430;10,160;220,290;125,780;141,620;12,860;10,000;10;10;102
22/02/2018;499,990;100,000;120,030;9,980;98,850;10,000;100,000;12,220;10,030;100,000;100,000;10,200;219,880;127,960;143,490;12,790;10,000;10;10;101
15/02/2018;499,990;100,000;120,030;9,980;98,890;10,000;100,000;12,230;10,030;100,000;100,000;10,280;218,990;126,440;143,490;12,860;10,000;10;10;101
08/02/2018;499,990;100,030;120,030;9,980;99,170;10,000;100,000;12,280;10,030;100,000;100,000;9,670;211,330;125,170;143,490;12,600;10,000;10;10;101
01/02/2018;499,990;100,040;120,030;9,980;99,300;10,000;100,000;12,280;10,030;100,000;100,000;10,570;227,110;125,170;143,490;13,350;10,000;10;10;101
25/01/2018;499,990;100,040;120,030;9,980;99,480;10,000;100,000;12,280;10,030;100,000;100,000;10,710;227,550;125,170;143,490;13,310;10,000;10;10;101
18/01/2018;499,990;100,040;120,030;9,980;99,460;10,000;100,000;12,280;10,030;100,000;100,000;10,500;228,910;125,170;143,490;13,310;10,000;10;10;101
11/01/2018;499,990;100,040;120,030;9,980;99,540;10,000;100,000;12,280;10,030;100,000;100,000;10,320;230,000;125,170;143,490;13,310;10,000;10;10;101
04/01/2018;499,990;100,040;120,030;9,980;99,570;10,000;100,000;12,280;10,030;100,000;100,000;10,150;230,000;125,170;143,490;13,310;10,000;10;10;101
;;;;;;;;;;;;;;;;;;;;
;;;;;;;;;;;;;;;;;;;;
;;;;;;;;;;;;;;;;;;;;
;;;;;;;;;;;;;;;;;;;;
;;;;;;;;;;;;;;;;;;;;
;;;;;;;;;;;;;;;;;;;;
;;;;;;;;;;;;;;;;;;;;
;;;;;;;;;;;;;;;;;;;;
;;;;;;;;;;;;;;;;;;;;
;;;;;;;;;;;;;;;;;;;;
;;;;;;;;;;;;;;;;;;;;
;;;;;;;;;;;;;;;;;;;;
;;;;;;;;;;;;;;;;;;;;
;;;;;;;;;;;;;;;;;;;;
;;;;;;;;;;;;;;;;;;;;
;;;;;;;;;;;;;;;;;;;;
;;;;;;;;;;;;;;;;;;;;
;;;;;;;;;;;;;;;;;;;;
;;;;;;;;;;;;;;;;;;;;
;;;;;;;;;;;;;;;;;;;;
;;;;;;;;;;;;;;;;;;;;
;;;;;;;;;;;;;;;;;;;;
;;;;;;;;;;;;;;;;;;;;
;;;;;;;;;;;;;;;;;;;;
;;;;;;;;;;;;;;;;;;;;
;;;;;;;;;;;;;;;;;;;;
;;;;;;;;;;;;;;;;;;;;
;;;;;;;;;;;;;;;;;;;;
;;;;;;;;;;;;;;;;;;;;
;;;;;;;;;;;;;;;;;;;;
;;;;;;;;;;;;;;;;;;;;
;;;;;;;;;;;;;;;;;;;;
;;;;;;;;;;;;;;;;;;;;
;;;;;;;;;;;;;;;;;;;;
;;;;;;;;;;;;;;;;;;;;
;;;;;;;;;;;;;;;;;;;;
;;;;;;;;;;;;;;;;;;;;
;;;;;;;;;;;;;;;;;;;;
;;;;;;;;;;;;;;;;;;;;
;;;;;;;;;;;;;;;;;;;;
;;;;;;;;;;;;;;;;;;;;
;;;;;;;;;;;;;;;;;;;;
;;;;;;;;;;;;;;;;;;;;
;;;;;;;;;;;;;;;;;;;;
;;;;;;;;;;;;;;;;;;;;
;;;;;;;;;;;;;;;;;;;;
;;;;;;;;;;;;;;;;;;;;
;;;;;;;;;;;;;;;;;;;;
;;;;;;;;;;;;;;;;;;;;
;;;;;;;;;;;;;;;;;;;;
;;;;;;;;;;;;;;;;;;;;
;;;;;;;;;;;;;;;;;;;;
;;;;;;;;;;;;;;;;;;;;
;;;;;;;;;;;;;;;;;;;;
;;;;;;;;;;;;;;;;;;;;
;;;;;;;;;;;;;;;;;;;;
;;;;;;;;;;;;;;;;;;;;
;;;;;;;;;;;;;;;;;;;;
;;;;;;;;;;;;;;;;;;;;
;;;;;;;;;;;;;;;;;;;;
;;;;;;;;;;;;;;;;;;;;
;;;;;;;;;;;;;;;;;;;;
;;;;;;;;;;;;;;;;;;;;
;;;;;;;;;;;;;;;;;;;;
;;;;;;;;;;;;;;;;;;;;
;;;;;;;;;;;;;;;;;;;;
;;;;;;;;;;;;;;;;;;;;
;;;;;;;;;;;;;;;;;;;;
;;;;;;;;;;;;;;;;;;;;
;;;;;;;;;;;;;;;;;;;;
;;;;;;;;;;;;;;;;;;;;
;;;;;;;;;;;;;;;;;;;;
;;;;;;;;;;;;;;;;;;;;
;;;;;;;;;;;;;;;;;;;;
;;;;;;;;;;;;;;;;;;;;
;;;;;;;;;;;;;;;;;;;;
;;;;;;;;;;;;;;;;;;;;
;;;;;;;;;;;;;;;;;;;;
;;;;;;;;;;;;;;;;;;;;
;;;;;;;;;;;;;;;;;;;;
;;;;;;;;;;;;;;;;;;;;
