GROUPAMA ENTREPRISES R;DEU FLOATING RATE NOTES-TFC;PICTET USD SHORT MID TERM;FON/03/CH;ROBECO GLO CR SHT MAT-IH EUR;/03/ch Green Transition Bond;Robeco Climate Bond;JUPITER DYNAMIC BOND;/03/CH INTL-FAMILY BUSINESS;AMU CPR BANCA /03/CH IMP-REUR;Harrris Associates Global Equity;POLEN FOCUS US GROWTH-EUR IN;ROBECO BP US PREMIUM EQ/F;ELEVA EUROPEAN SELECTION;ROBECO SUS EUR STARS EQ-FEUR;ABERDEEN ASIA PAC EQUITY;GQG PARTNERS EM MKT EQ-I EUR;Fidelity Global Financials;M&G LUX GLOBAL LIST INF-ECIA;/03/CH NEXT G/01/RATION;NEUBERGER BERMAN UNCORRELATED STRATEGIES;DNCA INVEST ALPHA BONDS;/03/ch Alternative Strategies
515,22;103,97;134,3;9,82;100,49;8,62;83,84;12,67;12,52;121,39;145,58;18,14;404,32;209,24;211,97;13,39;16,39;17,73;15,93;12,54;9,17;123,28;10,01
515,1;103,96;134,03;9,83;100,52;8,61;83,94;12,66;12,55;121,62;144,5;18,13;401,78;210,45;212,94;13,28;16,51;17,64;15,89;12,66;9,16;123,21;10,02
514,72;103,85;135,23;9,78;100,14;8,5;83,26;12,48;12,62;120,42;145,37;18,42;403,44;208,05;209,95;13,02;16,59;17,4;15,69;12,67;9,2;123,02;9,99
514,31;103,75;135,13;9,77;99,98;8,46;83,11;12,39;12,66;119,22;145,77;18,3;403,23;207,03;210,31;13,17;16,53;17,04;15,64;12,5;9,19;122,5;9,97
513,93;103,64;135,72;9,76;99,81;8,48;82,95;12,39;12,59;118,45;144,96;18,02;400,87;205,27;206,93;13,11;16,42;17,02;15,55;12,54;9,28;122,67;9,96
513,54;103,53;135,78;9,77;99,92;8,48;83,26;12,46;12,55;117,36;142,12;18,29;397,16;202,17;204,45;12,93;16,34;16,52;15,41;12,51;9,3;122,61;9,94
513,15;103,44;135,74;9,8;100,14;8,59;83,99;12,64;12,5;116,51;142,06;18,05;394,74;198,8;204,73;12,74;15,85;16,86;15,76;12,19;9,23;122,43;9,92
512,7;103,33;134,93;9,8;100,06;8,49;83,81;12,42;12,49;114,92;142,48;17,82;390,94;198,5;205,6;12,72;15,48;17,15;15,54;12,11;9,3;122,32;9,9
512,36;103,21;134,51;9,77;99,8;8,47;83,63;12,39;12,09;113,33;138,1;17,47;386,21;193,34;199,96;12,46;15,12;16,72;15,51;11,93;9,33;122,3;9,89
511,94;103,1;133,93;9,8;100,19;8,53;84,65;12,5;12,23;113,13;138,88;17,25;381,73;194,69;201,04;12,64;15,16;17,34;15,82;11,91;9,4;122,39;9,89
511,49;102,88;132,53;9,79;100,17;8,51;85,1;12,52;12,17;111,93;141,15;16,58;379,16;197,49;202,26;13;14,98;17,72;15,96;11,59;9,37;121,67;9,87
510,9;102,88;132,53;9,82;100,17;8,64;85,1;12,56;12,29;113,52;141,15;16,99;379,16;197,49;202,26;13,15;14,72;17,87;15,92;11,96;9,4;121,67;9,87
510,54;102,8;132,74;9,82;100,02;8,61;85,1;12,52;12,25;112,63;140,39;17,01;378,4;197,39;201,82;12,73;14,59;17,86;15,85;11,9;9,39;121,53;9,87
510,32;102,68;133,59;9,79;99,75;8,57;84,76;12,4;12,16;112,41;141,11;16,81;376,99;196,92;200,86;12,86;14,72;17,26;16,16;11,83;9,44;121,45;9,86
509,88;102,56;134,73;9,73;98,85;8,42;83,01;12,08;12,12;111,27;138,57;16,56;371,57;194,24;199,86;12,53;14,51;16,51;15,85;11,45;9,46;121,16;9,84
509,47;102,46;134,06;9,71;98,87;8,3;82,79;11,89;11,97;110,32;136,45;16,55;369,18;191,76;197,21;12,69;14;16,51;15,5;11,35;9,43;121,4;9,83
509,1;102,35;131,83;9,61;97,96;8,2;81,54;11,76;11,96;107,93;133,54;16,28;360,8;188,83;193,75;12,77;13,68;17,55;15,15;11,13;9,47;120,96;9,8
508,69;102,26;132,38;9,62;97,84;8,18;81,58;11,78;11,92;107,23;134,09;16,02;358,85;187,02;190,54;12,72;13,73;17,36;15,13;11,01;9,52;120,81;9,79
508,32;102,13;134,46;9,58;97,25;8,12;80,7;11,59;11,73;105,51;131,51;15,7;358,64;181,44;186,79;12,39;13,71;17,48;14,61;10,66;9,59;120,39;9,75
507,92;102,05;134,03;9,6;97,44;8,07;80,85;11,55;11,78;105,02;133,2;15,48;356,06;180,45;185,85;12,4;13,51;16,9;14,87;10,58;9,56;120,75;9,76
507,53;101,94;135,34;9,54;96,74;7,94;79,63;11,37;11,37;101,01;126,97;14,5;345,83;175,06;180,82;12,03;13,16;17,71;14,45;10,17;9,75;119,93;9,81
507,15;101,88;134,92;9,51;96,38;7,88;79,05;11,32;11,52;102,34;129,88;15,01;358,49;176,97;181,58;12,1;13,31;17,28;14,26;10,43;9,71;119,49;9,8
506,75;101,82;136,09;9,53;96,71;7,99;79,84;11,57;11,77;105,82;134,72;15,2;368,81;183,78;188,19;12,44;13,69;17,59;14,56;10,79;9,73;119,73;9,79
506,35;101,73;135,35;9,51;96,41;7,94;79,21;11,47;11,79;105,08;135,09;15,35;365,26;181,76;187,73;12,32;13,4;17,82;14,17;10,72;9,73;118,79;9,78
505,96;101,67;134,78;9,51;96,65;8,02;79,87;11,62;11,86;106,15;136,64;15,17;364,54;183,31;188,66;12,4;13,61;17,36;14,84;10,86;9,73;119,72;9,79
505,57;101,56;133,81;9,51;96,87;8,11;80,34;11,71;12;106,89;137,58;15,23;364,06;184,46;190,24;12,52;13,55;18,02;15,43;10,85;9,69;120,11;9,77
505,21;101,47;133,77;9,52;96,82;8,18;80,63;11,84;12,28;109,24;141,2;15,89;369,04;188,57;194,37;12,9;13,76;17,85;15,88;11,25;9,66;120,27;9,75
504,79;101,37;133,19;9,53;96,83;8,17;80,81;11,82;12,23;108,21;139,06;16,24;366,37;185,7;191,77;12,82;13,54;18,49;15,47;11,26;9,66;119,97;9,74
504,41;101,28;132,17;9,54;96,95;8,25;81,15;11,86;12,19;109,05;140,61;16,3;368,71;187,38;192,37;13,01;13,56;17,96;15,61;11,42;9,6;119,86;9,7
504,07;101,18;132,19;9,53;96,59;8,25;80,8;11,74;12,19;107,35;137,76;15,75;362,85;184,78;189,75;12,74;13,31;18,4;15,51;11,08;9,61;119,73;9,65
503,71;101,1;131;9,51;96,56;8,25;80,53;11,72;12,19;105,95;137,06;15,5;360,14;183,25;189,09;12,77;13,01;17,6;15,26;10,93;9,6;119,55;9,65
503,33;101,03;129,84;9,51;96,73;8,25;81,04;11,83;12,19;107,61;140,21;15,92;363,93;186,77;192,26;13,32;13,06;17,67;15,61;11,25;9,6;119,91;9,65
502,96;100,94;129,4;9,52;96,92;8,21;81,45;11,75;12,2;108,42;140,75;16,06;361,07;186,45;190,84;13,37;13,14;18,16;15,71;11,41;9,58;119,89;9,65
502,61;100,87;128,98;9,51;96,79;8,28;81,7;11,85;12,54;111,19;142,84;16,42;364,24;191,41;196,23;13,7;13,47;18,19;16,23;11,7;9,56;119,85;9,66
502,28;100,81;128,08;9,5;96,72;8,3;81,88;11,89;12,37;110,11;141,65;16,27;360,71;189,18;194,23;13,42;12,98;18,39;16,09;11,61;9,52;119,47;9,69
501,9;100,71;126,64;9,48;96,64;8,27;81,75;11,9;12,35;108,85;140,26;16,27;349,71;188,62;193,16;13,73;12,83;17,96;15,99;11,58;9,52;119,25;9,7
501,63;100,6;129,38;9,44;95,92;8,18;80,89;11,73;12,19;107,89;137,94;15,61;352,19;183,72;188,04;13,06;12,79;17,71;15,8;11,28;9,56;118,98;9,7
501,29;100,51;129,96;9,46;96,16;8,27;81,68;11,85;12,36;110,03;140,17;15,82;356,98;190,12;194,81;13,29;12,97;17,31;15,99;11,48;9,59;118,98;9,71
500,94;100,4;129,41;9,48;96,26;8,26;81,97;11,92;12,33;108,11;137,37;15,63;348,5;186,96;190,84;13,6;12,88;17,39;15,76;11,31;9,54;119,35;9,72
500,62;100,33;129,85;9,46;96,28;8,24;81,83;11,95;12,57;111,94;141,44;15,84;352,89;191,22;195,32;13,99;13,06;16,9;16,16;11,59;9,62;119,28;9,71
500,29;100,27;131,9;9,49;96,4;8,21;82,22;11,92;12,29;110,33;138,84;15,39;352,68;188,34;192,07;13,51;13,01;17,48;16,32;11,35;9,57;119,17;9,69
499,99;100,16;132,41;9,5;96,52;8,26;82,53;11,95;12,3;110,73;137,79;15,51;349,9;189,2;193,13;13,42;12,76;17,2;16,07;11,32;9,57;118,91;9,67
499,59;100,07;132,33;9,44;96,09;8,16;81,52;11,86;12,28;109,9;135,55;15,1;344,81;189,56;192,44;13,26;12,73;17,03;15,83;11,12;9,62;118,81;9,66
498,98;99,86;130,86;9,52;97,09;8,3;83,75;11,99;12,19;106,92;133,29;14,56;338,25;188,7;193,59;13,3;12,23;16,76;16,399;10,95;9,58;118,39;9,644
498,69;99,78;129,99;9,53;97,11;8,32;83,86;12,14;12,21;105,46;130,7;14,17;330,72;186,36;192,25;13,42;11,93;17,29;15,876;10,73;9,64;117,96;9,625
498,37;99,68;129,17;9,46;96,56;8,26;82,91;12,1;12,29;105,57;133,21;14,47;337,39;187,29;193,14;13,41;11,96;17,17;15,975;10,79;9,61;118,14;9,655
497,99;99,57;129,4;9,45;96,51;8,23;82,9;12,08;12,42;106,56;134,58;14,52;343,07;188,47;194,05;13,7;12,04;17,66;16,156;10,97;9,71;117,97;9,647
497,72;99,47;128,79;9,47;96,63;8,27;83,41;12,17;12,35;106,42;133,69;14,69;342,31;187,25;191,79;13,89;12,07;18,13;16,227;10,97;9,74;118,09;9,663
497,5;99,37;130,42;9,5;96,83;8,32;84,1;12,2;12,25;105,54;133,16;14,54;339,82;185,02;189,54;13,87;11,83;18,18;16,142;10,94;9,76;117,45;9,645
497,23;99,24;129,87;9,45;96,04;8,2;83,17;12,03;12,13;105,12;133,22;14,33;337,15;184,02;187,7;13,86;11,79;18,64;15,751;10,93;9,76;117,21;9,63
496,94;99,21;130,59;9,48;96,41;8,21;83,78;12,07;12,01;103,02;130,2;14,1;328,55;180,3;184,92;13,67;11,59;18,05;15,346;10,75;9,75;116,43;9,598
496,69;99,18;133,1;9,46;95,7;8,18;83,24;12,08;11,98;104,55;130,2;14,01;340,12;178,17;183,72;13,15;11,72;17,84;15,657;10,77;9,87;115,71;9,601
496,47;99,44;132,6;9,44;95,27;8,09;81,81;12,08;12,23;106,12;135,72;13,64;351,85;187,15;188,47;13,52;12,19;16,9;15,91;10,98;10,4;116,85;9,671
496,22;99,35;131,98;9,43;95,12;8,07;81,43;11,99;12,31;106,67;137,13;13,76;363,37;186,78;188,44;13,71;12,01;16,66;15,745;10,99;10,34;117,12;9,688
495,99;99,26;132,35;9,46;95,59;8,12;82,43;12,02;12,3;107,46;138,08;13,9;364,84;187,25;189;13,81;12,08;17,61;16,088;11,08;10,22;116,57;9,682
495,74;99,2;131,43;9,47;95,79;8,21;82,74;12,17;12,32;108,25;140,55;14,41;367,73;188,78;188,81;14,28;12,18;19,06;16,388;11,27;10,25;116,7;9,67
495,54;99,13;130,43;9,49;96,32;8,31;83,69;12,3;12,37;107,23;139,76;14,34;361,89;187,46;187,15;14,61;11,98;18,22;16,386;11,23;10,23;116,44;9,66
495,35;98,99;128,82;9,51;96,94;8,37;85,05;12,3;12,41;107,21;140,94;15,06;360,37;185,74;186,13;14,79;11,92;18,62;16,269;11,35;10,21;116,08;9,679
495,15;98,85;129,54;9,47;96,41;8,34;84,15;12,23;12,32;105,66;137,6;14,23;360,29;183,91;184,74;15,17;12,29;19,27;16,251;11,05;10,27;116,03;9,657
494,95;98,72;130,34;9,48;96,47;8,38;84,63;12,27;12,11;104,14;133,62;13,47;350,48;180,64;184,72;14,58;12,18;19,17;16,229;10,81;10,35;115,22;9,63
494,75;98,6;129,99;9,44;96,15;8,25;84,35;12,08;12,11;105,62;135,07;13,64;357,57;180,65;183,5;14,37;12,06;19,91;16,402;10,87;10,39;115,64;9,632
494,57;98,47;132,93;9,41;95,24;8,17;83,16;11,84;11,92;103,53;129,97;12,77;355,36;176,33;180,17;13,97;11,94;19,7;16,037;10,52;10,44;115,33;9,602
494,38;98,4;131,12;9,39;95,1;8,11;82,78;11,66;11,58;102,82;124,75;12,89;351,15;170,75;176,89;13,5;11,85;19,68;15,61;10,5;10,47;115,54;9,614
494,19;98,33;132,02;9,4;95,33;8,18;83,35;11,8;11,52;103;123,94;12,75;350,04;169,7;176,11;13,56;11,91;19,06;15,721;10,52;10,49;114,89;9,617
494,05;98,3;131,33;9,43;95,73;8,31;84,4;12,02;11,53;104,23;124,89;13,06;350,23;169,94;177,12;13,6;11,7;18,85;16,123;10,73;10,42;114,36;9,603
493,91;98,25;132,44;9,46;95,63;8,32;84,59;12,04;11,64;106,18;127,76;13,27;359,43;171,56;178,47;13,57;12,05;19,02;16,094;10,86;10,4;114,3;9,607
493,76;98,2;133,09;9,45;95,59;8,23;84,46;11,94;11,8;108,62;132,01;13,83;371,25;174,47;181,56;13,69;12,44;18,63;16,562;11,16;10,4;114,45;9,613
493,62;98,18;133,67;9,42;95,04;8,19;83,9;11,89;11,66;108,42;130,89;13,51;370,9;173,1;180,17;13,18;12,27;;16,564;11,04;10,39;113,7;9,602
493,48;98,12;134,62;9,39;94,85;8,1;83,57;11,71;11,5;105,59;129,07;13,51;364,97;168,1;175,13;13,18;12,1;18,57;16,215;10,88;10,42;113,78;9,605
493,38;98,03;136,62;9,37;94,5;7,88;83,3;11,44;11,53;107,77;127,67;13,55;373,1;169,38;177,8;12,09;12,09;19,83;16;10,91;10,5;113,87;9,652
493,23;97,97;141,45;9,33;93,25;7,84;81,95;11,37;10,92;104,57;123,27;12,49;371,17;160,86;170,03;11,66;12,78;19,75;15,785;10,55;10,85;113,39;9,718
493,14;97,93;138,72;9,36;93,72;7,81;82,82;11,35;10,95;104,05;122,93;13,56;365,67;160,97;169,53;11,7;12,43;19,34;15,468;10,66;10,75;113,05;9,679
493,07;97,91;140,13;9,28;92,75;7,71;81,26;11,23;10,71;101,04;121,8;13,5;349,61;157,51;164,21;11,76;12,81;19,72;15,133;10,35;10,93;111,81;9,727
493;97,92;142,24;9,3;92,86;7,76;81,39;11,27;10,67;101,4;120,9;13,31;354,83;153,7;161,5;11,74;12,57;19,1;14,859;10,28;10,96;111,83;9,731
492,93;97,96;140,79;9,34;93,73;7,91;82,34;11,53;10,81;103,3;122,25;13,87;351,77;156,39;162,12;12,61;13,08;18,76;15,557;10,75;10,95;111,78;9,7
492,85;98,05;141,9;9,32;93,65;7,84;82,36;11,43;10,4;101,47;116,75;13,34;340,15;150,41;157,77;12,04;12,32;18,47;15,448;10,41;10,97;111,14;9,728
492,78;98,15;141,37;9,39;94,7;8,13;83,78;11,83;10,68;104,82;123,59;13,57;346,25;156,38;163,14;12,56;13,02;17,3;16,444;10,71;10,85;112,47;9,732
492,73;98,13;139,25;9,45;95,49;8,2;84,83;11,93;10,98;107,58;128,75;14,41;355,39;161,49;169,13;13,07;12,97;17,85;17,074;11,16;10,72;112,24;9,714
492,71;98,11;140,49;9,46;95,95;8,23;85,1;11,98;11,08;109,58;129,63;14,95;362,05;161,76;168,19;13,08;12,98;16,59;17,022;11,25;10,73;112,41;9,716
492,72;98,08;140,71;9,48;95,93;8,26;85,42;11,98;11,02;108,2;128,13;14,77;357,7;159,4;166,12;13,36;13,15;16,37;16,798;11,1;10,72;112,43;9,719
492,73;98,09;140,41;9,55;96,77;8,37;86,74;12,12;11,49;114,93;135,37;15,65;373,28;169,63;175,77;13,72;13,57;17,76;17,69;11,72;10,61;112,95;9,707
492,72;98,09;138,52;9,6;97,37;8,53;87,88;12,34;11,71;115,35;136,53;16,26;373,14;171,91;179,62;13,9;13,55;18,61;17,704;11,86;10,52;112,41;9,686
492,71;98,04;135,6;9,63;97,57;8,62;88,17;12,42;11,63;112,28;134,54;16,24;359,37;170,85;179,04;13,91;13,11;18,1;17,448;11,78;10,42;112,19;9,646
492,71;97,97;137,62;9,64;97,83;8,6;89,12;12,43;11,58;111,24;134,73;16,14;354,1;170,82;179,49;13,68;12,95;19,12;17,41;11,66;10,47;111,03;9,651
492,72;97,92;138,59;9,61;97,84;8,48;88,88;12,32;11,48;110,01;133,21;15,31;357,28;169,34;178,99;13,7;12,98;18,36;17,119;11,31;10,58;110,34;9,65
492,78;97,9;137,57;9,52;96,88;8,32;87,81;12,1;11,32;106,83;130,88;15,4;350,96;165,76;177,23;13,51;12,62;18,68;16,67;11,14;10,6;108,93;9,642
492,8;97,9;139,99;9,52;96,56;8,26;87,6;12,04;10,95;105,07;124,56;13,97;340,02;159,57;172,04;13,27;12,57;17,45;16,452;10,54;10,71;108,88;9,676
492,84;97,95;137,73;9,51;96,78;8,3;87,29;11,95;11,1;105,65;128,56;14,8;344,05;162,07;173,72;13,56;12,95;17,93;16,45;10,82;10,64;109,45;9,647
492,9;97,97;134,04;9,5;96,42;8,24;87,27;11,91;10,75;101,45;123,27;13,97;330,4;159,43;169,28;13,53;12,7;16,43;16,105;10,39;10,66;109,24;9,676
492,93;98,15;132,65;9,51;96,46;8,35;87,27;12,03;10,93;100,72;125,77;14,35;324,39;161,61;166,88;13,66;12,47;15,86;16,101;10,34;10,65;109,96;9,673
492,98;98,22;132,95;9,47;96,05;8,3;86,82;11,97;10,7;98,92;120,92;13,6;321,03;157,05;166,84;13,43;12,76;16,41;16,037;10,16;10,82;109,36;9,697
493,02;98,47;131,91;9,59;97,52;8,6;88,08;12,37;11,43;107,19;131,91;15,4;345,54;168,62;176,6;14,29;13,5;16,74;17,17;11,15;10,76;111,67;9,745
493,06;98,5;131,48;9,63;97,81;8,63;88,28;12,48;11,63;109,68;133,09;16,14;352,91;171,01;178,5;14,02;13,55;16,93;17,213;11,29;10,57;111,99;9,729
493,09;98,51;131,82;9,66;98,32;8,72;89,7;12,55;11,49;109,48;132,9;15,13;348,58;171,71;178,3;13,73;13,37;17,34;17,022;10,88;10,39;111,86;9,73
493,16;98,51;132,86;9,66;97,91;8,64;89,66;12,48;11,1;104,66;127,3;14,75;338,84;165,12;174,42;13,35;13,09;19,43;16,6;10,82;10,46;111,24;9,732
493,2;98,56;135,26;9,69;98,05;8,71;89,97;12,52;11,09;104,04;127,13;14,61;343,26;164,99;175,31;12,98;13,06;20,32;16,391;10,65;10,52;111,2;9,71
493,24;98,62;133,27;9,68;97,86;8,75;89,42;12,6;11,36;108,3;131,21;15,75;352,01;171,72;180,39;13,98;13,4;20,41;17,06;11,59;10,52;111,42;9,823
493,3;98,67;133,56;9,72;98,2;8,84;90,29;12,79;11,58;110,86;133,17;16,75;356,68;174,01;183,81;13,74;13,48;19,21;17,146;11,78;10,48;111,88;9,855
493,35;98,71;129,38;9,75;98,42;8,88;90,41;12,88;11,84;110,81;135,89;17;353,86;177,79;186,75;14,3;13,7;18,84;17,431;12,15;10,32;112,1;9,878
493,36;98,72;130,7;9,78;98,91;8,98;90,8;12,93;11,81;111,04;136,28;17,59;353,1;177,74;185,77;14,74;13,91;19,56;17,208;12,28;10,29;112,3;9,896
493,43;98,76;129,11;9,8;99,21;9,12;91,86;13,03;11,67;111,18;135,18;18,31;350,08;175,26;184,75;14,93;13,81;;17,288;12,43;10,29;111,84;9,912
493,48;98,74;126,9;9,82;99,62;9,18;93,06;13,11;11,74;111,04;136,4;18,6;346,58;176,21;182,86;15,28;13,63;;16,952;12,58;10,13;111,14;9,91
493,53;98,68;128,38;9,82;99,55;9,14;92,91;13,06;11,83;112,48;138,03;18,48;353,65;174,6;182,65;15,19;13,55;;16,597;12,51;10,17;111,31;9,894
493,57;98,63;127,49;9,83;99,82;9,19;93,43;13,09;11,73;109,41;135,16;18,33;348,09;173,44;181,75;15,12;13,32;;16,234;12,17;10,01;111,01;9,861
493,64;98,75;128,87;9,84;100;9,21;93,84;13,14;11,33;106,16;130,83;17,31;336,9;163,45;172,84;14,83;13,21;;16,135;11,8;9,94;110,09;9,857
493,69;98,93;128,89;9,91;100,9;9,34;95,02;13,32;11,5;108,52;133,36;17,92;343,01;167,36;176,14;15,52;13,37;;15,958;12,16;9,86;109,15;9,852
493,74;98,99;128,26;9,92;100,72;9,33;94,66;13,44;11,63;107,07;133,72;18,15;335,36;168,55;176,97;15,45;13,52;;15,181;11,85;10;108,84;9,827
493,8;99,08;125,48;9,95;101,21;9,45;94,72;13,5;12,07;109,55;139,79;18,39;337,29;178,36;186,05;16,42;14,42;;15,599;12,29;9,99;108,88;9,863
493,85;99,12;124,28;9,95;101,19;9,54;94,73;13,59;12,24;110,8;141,81;19,24;341,29;181,7;190,43;16,46;14,47;;15,722;12,65;10,09;108,45;9,896
493,93;99,16;125,46;10;102,07;9,72;95,97;13,74;12,2;109,82;140,47;18,99;337,97;179,97;189,69;16,48;14,2;;15,959;12,41;9,83;108,59;9,871
493,99;99,18;128,48;10,05;102,34;9,72;96,51;13,71;12,18;110,72;138,26;18,43;335,84;180,39;190,83;15,97;14,43;;15,562;12,22;9,77;108,58;9,845
494,04;99,2;126,4;10,06;102,61;9,73;96,62;13,75;12,54;113,94;142,79;19,55;337,99;186,1;195,33;16,83;14,56;;15,79;12,85;9,81;108,59;9,881
494,09;99,22;125,53;10,07;102,94;9,82;97,05;13,81;12,65;115,88;145,74;20,24;347,35;186,85;195,91;17,03;14,67;;15,801;13,28;9,81;108,3;9,9
494,14;99,22;127,41;10,08;102,98;9,87;96,91;13,81;12,84;117,3;143,65;20,75;348,29;188,44;196,74;16,44;14,42;;15,876;13,49;9,92;108,79;9,943
494,21;99,23;127,26;10,08;103,3;9,92;97,63;13,88;12,8;118,93;141,38;22,01;341,94;189,49;197,11;16,6;14,48;;16,103;14,03;9,87;108,73;9,995
494,26;99,23;127,5;10,09;103,32;9,91;97,74;13,92;12,72;117,68;140,76;21,91;337,89;187,14;194,77;16,55;14,38;;15,899;13,92;9,87;108,25;9,988
494,31;99,24;127,59;10,1;103,55;9,95;98,44;13,93;12,64;116,53;139,48;21,41;336,23;185,36;193,45;16,62;14,38;;15,766;13,73;9,92;107,33;9,98
494,35;99,26;127,69;10,1;103,36;9,99;98,43;13,9;12,59;118,64;138,99;21,81;333,99;186;193,05;16,95;14,68;;15,723;13,96;10,02;106,86;10,021
494,4;99,26;127,48;10,09;103,33;10;98,53;13,85;12,36;116,73;136,78;21,25;325,6;180,36;189,21;16,75;14,63;;15,213;13,71;9,95;106,39;10,014
494,46;99,31;127,7;10,09;103,35;10;98,16;13,79;12,83;121,54;142,84;21,47;330,8;185,91;194,62;16,99;14,79;;15,982;14,16;10,17;107,38;10,051
494,51;99,34;127,35;10,11;103,57;10;97,94;13,84;12,9;122,31;144,14;22,62;337,15;188;196,51;17,23;14,84;;15,841;14,44;10,12;107,63;10,062
494,55;99,36;126,27;10,11;103,59;10;98,08;13,85;12,63;122,92;143,56;22,22;336,39;188,13;196,83;17,07;14,88;;15,649;14,31;10,11;107,55;10,051
494,61;99,36;125,46;10,12;103,83;10;97,98;13,8;12,49;122,09;141,6;22,5;331,66;186,96;195,59;17,19;14,6;;15,65;14,42;10,02;107,01;10,043
494,66;99,38;123,93;10,1;103,66;10;97,73;13,79;12,31;119,71;139,47;22,05;324,5;182,9;190,45;17,36;14,49;;15,69;14,03;10,01;106,97;10,027
494,71;99,38;124,26;10,11;103,65;10;97,02;13,77;12,23;119,16;140,23;22,01;327,23;179,8;186,67;17,29;14,58;;15,529;14;9,99;107,88;10,023
494,75;99,39;125,07;10,12;103,93;10;97,65;13,83;12,16;117,77;138,67;21,45;322,66;178,62;185,5;16,93;14,49;;15,16;13,74;9,83;107,48;10,005
494,8;99,39;125,51;10,13;104,05;10;97,25;13,85;11,96;115,12;136,92;21,24;320,9;175,65;182,97;16,75;14,41;;15,11;13,58;9,72;107,52;9,994
494,85;99,41;125,26;10,13;104,15;10;97,51;13,9;11,86;114,12;133,45;20,91;310,87;173,57;181,53;16,88;14,23;;14,938;13,53;9,7;107,41;9,977
494,9;99,42;123,55;10,15;104,27;10;98,13;14,04;12,1;116,91;133,8;21,91;310,91;178,35;185,09;17,17;14,36;;15,113;14,02;9,67;107,01;10,031
494,95;99,43;123,5;10,16;104,43;10;98,36;14,04;12,1;117,1;133,85;22,06;309,86;177,53;184,55;17,17;14,39;;15,114;14,03;9,67;106,72;10,046
495;99,42;122,95;10,16;104,47;10;98,51;13,99;12,24;116,81;133,77;22,16;308,83;177,32;185,16;17,52;14,38;;15,18;14,07;9,64;106,2;10,023
495,04;99,43;122,44;10,16;104,49;10;98,6;14,01;12,36;117,67;135,82;22,13;314,23;179,65;187,85;17,58;14,42;;15,303;14,16;9,63;105,93;10,015
495,09;99,43;123,53;10,16;104,42;10;98,58;14;12,14;116,66;135,23;21,84;315,4;177,57;186,42;17,17;14,17;;15,208;13,93;9,67;105,89;9,979
495,14;99,44;124,31;10,17;104,45;10;98,98;14,05;12,08;115,24;132,97;21,56;311,62;176,57;186,42;16,84;14,03;;15,242;13,6;9,72;105,55;9,971
495,18;99,44;123,78;10,17;104,55;10;98,64;13,99;12,33;116,53;137,65;21,57;318,62;178,1;188,04;17,4;14,37;;15,341;13,82;9,72;106,09;9,978
495,24;99,45;122,74;10,17;104,55;10;99,07;14,03;12,31;115,44;134,81;21,72;307,92;176,53;185,44;17,56;14,37;;15,153;13,8;9,7;105,49;9,973
495,29;99,45;122,29;10,16;104,54;10;98,72;13,98;12,28;115,16;135,64;21,57;309,47;173,77;182,57;17,38;14,14;;15,16;13,64;9,65;105,97;9,954
495,33;99,45;123,21;10,15;104,51;10;98,7;13,95;12,16;114,81;134;21,38;306,8;170,49;180,63;17,81;14,43;;15,087;13,53;9,67;105,48;9,957
495,38;99,46;122,88;10,15;104,43;10;98,37;13,94;12,16;114,51;133,87;21,12;308,03;170,13;181,19;18;14,51;;15,163;13,39;9,67;105,48;9,945
495,42;99,46;122,57;10,14;104,48;10;98,35;13,94;12,11;114,13;131,94;20,97;305,61;168,52;179,95;17,47;14,15;;15,133;13,38;9,7;104,93;9,933
495,46;99,46;122,25;10,13;104,32;10;97,67;13,81;12,23;115,89;135,49;20,61;312,72;169,93;180,21;17,97;14,59;;14,842;13,52;9,79;105,31;9,962
495,51;99,46;121,65;10,13;104,28;10;97,57;13,79;12,16;115,08;135,16;20,29;307,98;170,22;181,78;17,94;14,59;;14,943;13,38;9,74;105,04;9,949
495,56;99,47;121,55;10,13;104,34;10;97,52;13,75;12,18;115,22;135,26;19,9;304,58;170;182,07;17,98;14,59;;15,119;13,2;9,72;104,99;9,95
495,6;99,47;119,4;10,13;104,52;10;97,63;13,78;12,1;113,6;134,73;19,6;307,2;167,78;179,44;18,17;14,44;;14,902;13,05;9,69;105,16;9,969
495,65;99,47;119,67;10,11;104,37;10;96,96;13,67;12,06;113,18;135,36;18,99;309,63;166,46;177,96;18,18;14,49;;14,617;12,83;9,73;104,84;9,951
495,7;99,46;119,08;10,11;104,37;10;97,02;13,65;11,84;112,68;133,07;19,25;306,09;165,19;176,09;18,08;14,17;;14,463;12,86;9,74;104,61;9,94
495,74;99,46;118,88;10,09;104,26;10;96,79;13,58;11,71;111,75;130,89;19,06;302,97;164;176,61;17,67;13,76;;14,336;12,62;9,7;104,32;9,929
495,77;99,46;119,71;10,09;104,24;10;96,67;13,58;11,77;112,23;131,99;18,59;304,92;163,93;174,25;17,41;13,53;;14,416;12,42;9,69;104,52;9,939
495,84;99,46;120,38;10,11;104,32;10;97,24;13,64;11,79;113,49;132,64;19,18;307,43;163,65;175,03;17,81;13,93;;14,401;12,75;9,75;104,32;9,951
495,88;99,46;119,81;10,1;104,38;10;97,08;13,61;11,69;114,52;130,64;19,65;301,48;161,83;173,79;18,2;14,02;;14,327;13,14;9,79;104,06;9,999
495,93;99,46;120,03;10,11;104,24;10;97,47;13,62;11,67;114,5;127,82;19,26;295,42;162,04;174,59;17,8;13,85;;14,244;13,06;9,76;103,99;10
495,97;99,46;120,03;10,11;104,22;10;97,57;13,58;11,71;114,52;129,47;19,47;298,07;162,33;173,48;17,82;13,87;;14,232;13,12;9,86;103,62;10
496,02;99,46;120,03;10,12;104,19;10;97,41;13,55;11,63;114,61;128,67;19,01;295,35;161,04;172,57;17,78;14,05;;14,277;12,98;9,92;103,68;10
496,04;99,45;120,03;10,11;104,05;10;97,28;13,48;11,53;115,09;128,72;18,42;297,78;159,4;171,02;17,66;14,18;;14,216;12,88;9,96;103,51;10
496,11;99,46;120,03;10,11;104,08;10;97,44;13,53;11,19;111,79;127,13;17,68;291,55;155,82;167,62;17,16;13,77;;13,856;12,39;9,89;103,75;10
496,16;99,46;120,03;10,1;104,07;10;96,82;13,46;11,33;112,35;128,23;17,79;291,36;158,59;168,72;17,72;14,04;;13,811;12,64;9,93;103,02;10
496,2;99,47;120,03;10,1;104;10;97,46;13,55;11,32;113,11;126,93;18,16;289,64;157,75;168,33;17,74;14,24;;13,61;12,69;9,87;103,38;10
496,24;99,49;120,03;10,1;104,11;10;97,38;13,52;11,06;108,06;122,49;17,36;273,95;154,59;163,35;17,86;14,16;;13,152;12,28;9,86;102,78;10
496,29;99,5;120,03;10,09;104,08;10;97,16;13,52;10,99;109,89;119,89;17,89;270,68;154,59;162,91;18,43;14,39;;13,36;12,69;9,89;102,57;10
496,34;99,5;120,03;10,11;104,47;10;98,11;13,67;10,98;113,5;120,06;18,73;270,59;154,06;163,12;19,08;15,16;;13,414;13,13;9,94;104;10
496,37;99,5;120,03;10,13;104,59;10;98,8;13,74;11,07;115;119,57;18,72;269,54;153,04;162,23;19,09;15,16;;13,389;13,21;9,91;104,53;10
496,41;99,48;120,03;10,12;104,52;10;98,86;13,71;11,02;114,36;119,59;18,38;269,12;152,49;163,16;18,51;14,77;;13,442;12,98;9,89;104,71;10
496,45;99,46;120,03;10,1;104,45;10;99,22;13,73;10,78;110,74;113,33;17,64;260,01;149,15;161,9;17,93;14,14;;13,066;12,63;9,69;104,28;10
496,5;99,47;120,03;10,1;104,51;10;99,24;13,76;10,88;114,16;117,22;17,94;268,24;152,94;164,18;18,76;14,81;;13,446;12,95;9,96;104,58;10
496,54;99,44;120,03;10,1;104,45;10;99,41;13,72;10,9;112,94;116,34;17,38;270,46;153,12;164,63;18,12;14,42;;13,386;12,78;9,96;103,92;10
496,58;99,44;120,03;10,11;104,52;10;99,53;13,74;10,79;109,55;113,82;17,85;265,75;151,7;162,43;17,69;13,98;;13,214;12,55;10,03;103,9;10
496,6;99,42;120,03;10,1;104,57;10;99,97;13,76;10,71;104,57;110,47;17,86;254,39;147,48;160,07;17,27;13,63;;13,054;12,26;10,01;103,57;10
496,65;99,42;120,03;10,09;104,56;10;99,91;13,75;10,64;104,75;110,4;17,66;252,17;147,78;159,57;16,76;13,39;;12,995;12,22;9,98;103,63;10
496,7;99,42;120,03;10,1;104,48;10;99,92;13,76;10,62;102,64;109,35;17,69;251,31;146,93;160,17;16,81;13,49;;13,103;12,11;9,98;103,09;10
496,73;99,42;120,03;10,1;104,45;10;100,06;13,76;10,53;100,56;108,8;17,27;252,99;144,44;158,65;16,46;13,34;;13,149;11,86;9,89;102,58;10
